sar,station,wdir,wspeed
S1A_IW_GRDH_1SDV_20170723T225031_20170723T225056_017605_01D74D_AA68,44065, 96,7.4
S1A_IW_GRDH_1SDV_20170723T225031_20170723T225056_017605_01D74D_AA68,44066, 90,6.6
S1A_IW_GRDH_1SDV_20170723T224916_20170723T224941_017605_01D74D_1B1F,41001,225,10.4
S1A_IW_GRDH_1SDV_20170721T230518_20170721T230543_017576_01D66A_0AA2,41037,208,6.9
S1A_IW_GRDH_1SDV_20170721T230518_20170721T230543_017576_01D66A_0AA2,41038,212,4.6
S1A_IW_GRDH_1SDV_20170721T230518_20170721T230543_017576_01D66A_0AA2,41064,228,7.6
S1A_IW_GRDH_1SDV_20170721T230453_20170721T230518_017576_01D66A_9258,41002,199,4.7
S1A_IW_GRDH_1SDV_20170719T232015_20170719T232040_017547_01D590_DF13,41009,139,4.2
S1A_IW_GRDH_1SDV_20170719T232015_20170719T232040_017547_01D590_DF13,41010,127,5.0
S1A_IW_GRDH_1SDV_20170718T224221_20170718T224246_017532_01D51F_B909,44066,198,3.8
S1A_IW_GRDH_1SDV_20170714T231315_20170714T231340_017474_01D358_27B6,41004,195,6.0
S1A_IW_GRDH_1SDV_20170714T231315_20170714T231340_017474_01D358_27B6,41013,215,7.0
S1A_IW_GRDH_1SDV_20170714T231225_20170714T231250_017474_01D358_C337,41010,105,3.6
S1A_IW_GRDH_1SDV_20170713T223435_20170713T223504_017459_01D2E6_A83B,44013, 20,8.0
S1A_IW_GRDH_1SDV_20170713T223435_20170713T223504_017459_01D2E6_A83B,buzm3,  8,10.1
S1A_IW_GRDH_1SDV_20170713T222858_20170713T222923_017459_01D2E5_CFEC,41043, 84,5.8
S1A_IW_GRDH_1SDV_20170711T225030_20170711T225055_017430_01D200_45C1,44065,209,4.7
S1A_IW_GRDH_1SDV_20170711T225030_20170711T225055_017430_01D200_45C1,44066,209,5.6
S1A_IW_GRDH_1SDV_20170711T224915_20170711T224940_017430_01D200_26BF,41001,201,5.9
S1A_IW_GRDH_1SDV_20170709T230518_20170709T230543_017401_01D117_3E98,41037,162,4.7
S1A_IW_GRDH_1SDV_20170709T230518_20170709T230543_017401_01D117_3E98,41038,189,3.6
S1A_IW_GRDH_1SDV_20170709T230518_20170709T230543_017401_01D117_3E98,41064,205,4.6
S1A_IW_GRDH_1SDV_20170709T230453_20170709T230518_017401_01D117_1C5B,41002,181,4.4
S1A_IW_GRDH_1SDV_20170707T232015_20170707T232040_017372_01D037_7AB9,41009,138,5.3
S1A_IW_GRDH_1SDV_20170707T232015_20170707T232040_017372_01D037_7AB9,41010,206,3.0
S1A_IW_GRDH_1SDV_20170702T231315_20170702T231340_017299_01CE10_C1B4,41004,194,5.8
S1A_IW_GRDH_1SDV_20170702T231315_20170702T231340_017299_01CE10_C1B4,41013,217,5.7
S1A_IW_GRDH_1SDV_20170702T231225_20170702T231250_017299_01CE10_19A7,41010,223,0.9
S1A_IW_GRDH_1SDV_20170701T223434_20170701T223503_017284_01CD9C_8D22,44013,151,6.3
S1A_IW_GRDH_1SDV_20170701T223434_20170701T223503_017284_01CD9C_8D22,buzm3,193,9.7
S1A_IW_GRDH_1SDV_20170629T225030_20170629T225055_017255_01CCB2_7C93,44025,197,10.8
S1A_IW_GRDH_1SDV_20170629T225030_20170629T225055_017255_01CCB2_7C93,44065,198,12.4
S1A_IW_GRDH_1SDV_20170629T225030_20170629T225055_017255_01CCB2_7C93,44066,192,8.4
S1A_IW_GRDH_1SDV_20170629T224915_20170629T224940_017255_01CCB2_E50C,41001,132,4.0
S1A_IW_GRDH_1SDV_20170627T230517_20170627T230542_017226_01CBD2_7AE0,41037,174,3.0
S1A_IW_GRDH_1SDV_20170627T230517_20170627T230542_017226_01CBD2_7AE0,41038,199,3.0
S1A_IW_GRDH_1SDV_20170627T230517_20170627T230542_017226_01CBD2_7AE0,41064,212,2.3
S1A_IW_GRDH_1SDV_20170627T230452_20170627T230517_017226_01CBD2_C568,41002,222,3.0
S1A_IW_GRDH_1SDV_20170625T232014_20170625T232039_017197_01CAF4_5C68,41009,149,6.4
S1A_IW_GRDH_1SDV_20170625T232014_20170625T232039_017197_01CAF4_5C68,41010,155,4.3
S1A_IW_GRDH_1SDV_20170624T224220_20170624T224245_017182_01CA82_856D,44066,234,5.1
S1A_IW_GRDH_1SDV_20170620T231314_20170620T231339_017124_01C8C8_8CBB,41004,218,1.5
S1A_IW_GRDH_1SDV_20170620T231314_20170620T231339_017124_01C8C8_8CBB,41013,275,3.3
S1A_IW_GRDH_1SDV_20170620T231224_20170620T231249_017124_01C8C8_975E,41010,134,6.1
S1A_IW_GRDH_1SDV_20170619T223433_20170619T223502_017109_01C857_EA93,44013,184,10.4
S1A_IW_GRDH_1SDV_20170619T223433_20170619T223502_017109_01C857_EA93,buzm3,203,10.4
S1A_IW_GRDH_1SDV_20170619T222856_20170619T222921_017109_01C856_7E63,41043, 98,9.1
S1A_IW_GRDH_1SDV_20170601T232013_20170601T232038_016847_01C02F_EFDC,41009,164,4.5
S1A_IW_GRDH_1SDV_20170601T232013_20170601T232038_016847_01C02F_EFDC,41010,146,1.2
S1B_IW_GRDH_1SDV_20170531T233313_20170531T233338_005849_00A412_6C28,45004,289,5.9
S1B_IW_GRDH_1SDV_20170531T233313_20170531T233338_005849_00A412_6C28,stdm4,276,5.4
S1B_IW_GRDH_1SDV_20170531T233248_20170531T233313_005849_00A412_7D34,45175,314,5.3
S1B_IW_GRDH_1SDV_20170531T233223_20170531T233248_005849_00A412_807B,45002, 70,4.5
S1B_IW_GRDH_1SDV_20170531T233129_20170531T233158_005849_00A412_B336,45165,261,8.7
S1B_IW_GRDH_1SDV_20170531T233129_20170531T233158_005849_00A412_B336,sbio1,300,9.1
S1A_IW_GRDH_1SDV_20170531T224308_20170531T224333_016832_01BFC0_DEAB,44013,120,3.7
S1A_IW_GRDH_1SDV_20170531T224308_20170531T224333_016832_01BFC0_DEAB,iosn3,146,6.5
S1A_IW_GRDH_1SDV_20170531T224243_20170531T224308_016832_01BFC0_2B8B,buzm3,124,5.1
S1A_IW_GRDH_1SDV_20170531T224218_20170531T224243_016832_01BFC0_971B,44066,235,3.0
S1B_IW_GRDH_1SDV_20170531T104740_20170531T104759_005841_00A3D8_AB50,mism1,158,9.1
S1B_IW_GRDH_1SDV_20170531T035145_20170531T035210_005837_00A3B4_37E4,drfa2,212,1.1
S1B_IW_GRDH_1SDV_20170531T035120_20170531T035145_005837_00A3B4_4F2D,amaa2,324,1.8
S1B_IW_GRDH_1SDV_20170531T035120_20170531T035145_005837_00A3B4_4F2D,auga2,354,1.3
S1B_IW_GRDH_1SDV_20170531T035120_20170531T035145_005837_00A3B4_4F2D,fila2,336,0.9
S1B_IW_GRDH_1SDV_20170531T020929_20170531T020954_005836_00A3AE_A081,46099,131,3.7
S1B_IW_GRDH_1SDV_20170531T020929_20170531T020954_005836_00A3AE_A081,desw1,135,0.1
S1B_IW_GRDH_1SDV_20170531T020929_20170531T020954_005836_00A3AE_A081,ttiw1,999,99.0
S1B_IW_GRDH_1SDV_20170531T020904_20170531T020929_005836_00A3AE_D4BD,46100,149,3.0
S1B_IW_GRDH_1SDV_20170531T020904_20170531T020929_005836_00A3AE_D4BD,46243,999,99.0
S1B_IW_GRDH_1SDV_20170531T020904_20170531T020929_005836_00A3AE_D4BD,46248,999,99.0
S1B_IW_GRDH_1SDV_20170531T020839_20170531T020904_005836_00A3AE_F54B,46097,281,2.1
S1B_IW_GRDH_1SDV_20170531T020839_20170531T020904_005836_00A3AE_F54B,nwpo3,311,4.0
S1B_IW_GRDH_1SDV_20170531T020814_20170531T020839_005836_00A3AE_B1E8,46260,999,99.0
S1B_IW_GRDH_1SDV_20170531T020814_20170531T020839_005836_00A3AE_B1E8,46261,999,99.0
S1B_IW_GRDH_1SDV_20170531T020659_20170531T020724_005836_00A3AE_C021,46214,999,99.0
S1B_IW_GRDH_1SDV_20170531T020634_20170531T020659_005836_00A3AE_97CA,46114,999,99.0
S1B_IW_GRDH_1SDV_20170531T020634_20170531T020659_005836_00A3AE_97CA,46237,999,99.0
S1B_IW_GRDH_1SDV_20170531T020544_20170531T020609_005836_00A3AE_6E20,46218,999,99.0
S1B_IW_GRDH_1SDV_20170531T020544_20170531T020609_005836_00A3AE_6E20,46257,999,99.0
S1B_IW_GRDH_1SDV_20170531T020544_20170531T020609_005836_00A3AE_6E20,46259,999,99.0
S1B_IW_GRDH_1SDV_20170531T020544_20170531T020609_005836_00A3AE_6E20,ptgc1,359,13.6
S1A_IW_GRDH_1SDV_20170530T234219_20170530T234244_016818_01BF4E_BDA5,roam4,268,11.1
S1A_IW_GRDH_1SDV_20170530T234219_20170530T234244_016818_01BF4E_BDA5,pilm4,257,10.3
S1A_IW_GRDH_1SDV_20170530T234154_20170530T234219_016818_01BF4E_CF9C,45023,236,9.4
S1A_IW_GRDH_1SDV_20170530T234154_20170530T234219_016818_01BF4E_CF9C,stdm4,244,9.5
S1A_IW_GRDH_1SDV_20170530T233654_20170530T233719_016818_01BF4E_B181,cdrf1,287,3.3
S1A_IW_GRDH_1SDV_20170530T233654_20170530T233719_016818_01BF4E_B181,sgof1,215,1.7
S1A_IW_GRDH_1SDV_20170530T233654_20170530T233719_016818_01BF4E_B181,ktnf1,272,3.2
S1A_IW_GRDH_1SDV_20170530T233629_20170530T233654_016818_01BF4E_B213,42013,334,3.7
S1A_IW_GRDH_1SDV_20170530T233629_20170530T233654_016818_01BF4E_B213,42022, 15,2.7
S1A_IW_GRDH_1SDV_20170530T233629_20170530T233654_016818_01BF4E_B213,42099,999,99.0
S1A_IW_GRDH_1SDV_20170530T233629_20170530T233654_016818_01BF4E_B213,venf1,308,4.4
S1A_IW_GRDH_1SDV_20170530T233539_20170530T233604_016818_01BF4E_C6B6,plsf1,107,5.9
S1B_IW_GRDH_1SDV_20170530T043719_20170530T043748_005823_00A34F_71EB,51002, 69,7.4
S1A_IW_GRDH_1SDV_20170530T003418_20170530T003443_016804_01BEDA_B961,ptat2, 56,4.3
S1A_IW_GRDH_1SDV_20170530T003353_20170530T003418_016804_01BEDA_7F64,42020, 24,2.0
S1A_IW_GRDH_1SDV_20170530T003353_20170530T003418_016804_01BEDA_7F64,42044, 92,0.6
S1A_IW_GRDH_1SDV_20170530T003353_20170530T003418_016804_01BEDA_7F64,42045,999,3.0
S1B_IW_GRDH_1SDV_20170529T234926_20170529T234951_005820_00A33D_CB27,45006,248,7.7
S1B_IW_GRDH_1SDV_20170529T234926_20170529T234951_005820_00A33D_CB27,45023,254,7.0
S1B_IW_GRDH_1SDV_20170529T234926_20170529T234951_005820_00A33D_CB27,disw3,232,9.0
S1B_IW_GRDH_1SDV_20170529T234926_20170529T234951_005820_00A33D_CB27,roam4,254,9.4
S1A_IW_GRDH_1SDV_20170529T225943_20170529T230008_016803_01BED2_8BF8,45012,171,4.9
S1A_IW_GRDH_1SDV_20170529T225803_20170529T225828_016803_01BED2_4D37,44058,147,3.9
S1A_IW_GRDH_1SDV_20170529T225803_20170529T225828_016803_01BED2_4D37,44064,999,6.5
S1A_IW_GRDH_1SDV_20170529T225803_20170529T225828_016803_01BED2_4D37,44072,121,6.6
S1A_IW_GRDH_1SDV_20170529T225734_20170529T225803_016803_01BED2_05BA,41025,203,4.8
S1A_IW_GRDH_1SDV_20170529T225734_20170529T225803_016803_01BED2_05BA,44014, 75,5.8
S1A_IW_GRDH_1SDV_20170529T044640_20170529T044709_016792_01BE81_2926,51003, 63,4.7
S1A_IW_GRDH_1SDV_20170528T235351_20170528T235416_016789_01BE6C_E9F7,dpia1,179,3.6
S1A_IW_GRDH_1SDV_20170528T235326_20170528T235351_016789_01BE6C_3F57,42012,204,5.7
S1A_IW_GRDH_1SDV_20170528T235326_20170528T235351_016789_01BE6C_3F57,42040,181,7.5
S1A_IW_GRDH_1SDV_20170528T055328_20170528T055403_016778_01BE13_316D,46071,999,99.0
S1B_IW_GRDH_1SDV_20170528T045559_20170528T045625_005794_00A280_F07C,51001, 36,6.9
S1B_IW_GRDH_1SDV_20170528T045534_20170528T045559_005794_00A280_C65C,51101, 35,6.4
S1B_IW_GRDH_1SDV_20170528T045415_20170528T045444_005794_00A280_FB83,51003, 92,3.0
S1A_IW_GRDH_1SDV_20170528T023742_20170528T023807_016776_01BE04_3125,ffia2, 22,1.5
S1B_IW_GRDH_1SDV_20170527T222612_20170527T222640_005790_00A262_A826,mism1,143,6.3
S1B_IW_GRDH_1SDV_20170526T232419_20170526T232448_005776_00A200_5BA7,45003,274,2.9
S1B_IW_GRDH_1SDV_20170526T232419_20170526T232448_005776_00A200_5BA7,45162, 64,2.2
S1B_IW_GRDH_1SDV_20170526T232419_20170526T232448_005776_00A200_5BA7,45175,334,3.0
S1A_IW_GRDH_1SDV_20170526T223501_20170526T223526_016759_01BD80_0095,44007,344,4.7
S1A_IW_GRDH_1SDV_20170526T223501_20170526T223526_016759_01BD80_0095,iosn3,  5,4.0
S1A_IW_GRDH_1SDV_20170526T223501_20170526T223526_016759_01BD80_0095,mism1,347,5.4
S1A_IW_GRDH_1SDV_20170526T223432_20170526T223501_016759_01BD80_8CF2,44013, 63,1.5
S1A_IW_GRDH_1SDV_20170526T223432_20170526T223501_016759_01BD80_8CF2,buzm3,250,4.7
S1A_IW_GRDH_1SDV_20170526T222855_20170526T222920_016759_01BD7F_85C4,41043,125,4.3
S1A_IW_GRDH_1SDV_20170526T163232_20170526T163257_016755_01BD5F_595F,51003, 88,4.2
S1A_IW_GRDH_1SDV_20170526T042323_20170526T042348_016748_01BD1F_C261,51000, 50,5.3
S1A_IW_GRDH_1SDV_20170526T042139_20170526T042208_016748_01BD1F_E52F,51004, 41,9.3
S1A_IW_GRDH_1SDV_20170526T025414_20170526T025439_016747_01BD16_3BBE,46083,999,5.7
S1B_IW_GRDH_1SDV_20170526T020119_20170526T020144_005763_00A197_E54E,46088,258,6.0
S1B_IW_GRDH_1SDV_20170526T020119_20170526T020144_005763_00A197_E54E,46121,999,3.8
S1B_IW_GRDH_1SDV_20170526T020119_20170526T020144_005763_00A197_E54E,sisw1,227,5.7
S1B_IW_GRDH_1SDV_20170526T020119_20170526T020144_005763_00A197_E54E,wpow1, 28,3.8
S1B_IW_GRDH_1SDV_20170526T015759_20170526T015824_005763_00A197_BB16,46215,999,99.0
S1B_IW_GRDH_1SDV_20170526T015734_20170526T015759_005763_00A197_7A11,46011,214,3.7
S1B_IW_GRDH_1SDV_20170526T015734_20170526T015759_005763_00A197_7A11,46025,205,4.0
S1B_IW_GRDH_1SDV_20170526T015734_20170526T015759_005763_00A197_7A11,46053,218,3.4
S1B_IW_GRDH_1SDV_20170526T015734_20170526T015759_005763_00A197_7A11,46054,200,1.7
S1B_IW_GRDH_1SDV_20170526T015734_20170526T015759_005763_00A197_7A11,46069,188,1.1
S1B_IW_GRDH_1SDV_20170526T015734_20170526T015759_005763_00A197_7A11,ptgc1,176,3.9
S1B_IW_GRDH_1SDV_20170526T015705_20170526T015734_005763_00A197_F34D,46047,251,3.3
S1B_IW_GRDH_1SDV_20170526T015705_20170526T015734_005763_00A197_F34D,46086,248,1.7
S1A_IW_GRDH_1SDV_20170525T232858_20170525T232923_016745_01BD07_0AC3,sauf1,235,4.4
S1A_IW_GRDH_1SDV_20170525T232833_20170525T232858_016745_01BD07_5490,41009,186,7.4
S1A_IW_GRDH_1SDV_20170525T232743_20170525T232808_016745_01BD07_0389,fwyf1,242,7.5
S1A_IW_GRDH_1SDV_20170525T232743_20170525T232808_016745_01BD07_0389,mlrf1,227,3.4
S1A_IW_GRDH_1SDV_20170525T232718_20170525T232743_016745_01BD07_5279,lonf1,251,4.6
S1B_IW_GRDH_1SDV_20170524T155934_20170524T160002_005742_00A0F0_5BB2,51004, 44,5.8
S1A_IW_GRDH_1SDV_20170524T043801_20170524T043830_016719_01BC36_D799,51002, 70,8.4
S1B_IW_GRDH_1SDV_20170524T021720_20170524T021742_005734_00A0BC_DF4F,46100,329,10.5
S1B_IW_GRDH_1SDV_20170524T021655_20170524T021720_005734_00A0BC_25B3,46050,360,9.2
S1B_IW_GRDH_1SDV_20170524T021630_20170524T021655_005734_00A0BC_0BC1,46015,  8,12.4
S1B_IW_GRDH_1SDV_20170524T021605_20170524T021630_005734_00A0BC_8F5B,46027,344,12.8
S1B_IW_GRDH_1SDV_20170524T021540_20170524T021605_005734_00A0BC_83DF,46022,350,6.1
S1B_IW_GRDH_1SDV_20170524T021515_20170524T021540_005734_00A0BC_4155,46014,350,1.3
S1B_IW_GRDH_1SDV_20170524T021450_20170524T021515_005734_00A0BC_1D11,46013,256,1.8
S1B_IW_GRDH_1SDV_20170523T225850_20170523T225919_005732_00A0AE_2142,45012, 80,2.2
S1A_IW_GRDH_1SDV_20170523T142335_20170523T142400_016710_01BBF3_CF1A,46014,158,6.6
S1A_IW_GRDH_1SDV_20170523T142310_20170523T142335_016710_01BBF3_9B3F,46022,  1,6.3
S1A_IW_GRDH_1SDV_20170523T142245_20170523T142310_016710_01BBF3_3F8D,46015,  5,11.5
S1A_IW_GRDH_1SDV_20170523T142245_20170523T142310_016710_01BBF3_3F8D,46027,344,5.4
S1A_IW_GRDH_1SDV_20170523T142220_20170523T142245_016710_01BBF3_FC94,46050,360,9.1
S1A_IW_GRDH_1SDV_20170523T142220_20170523T142245_016710_01BBF3_FC94,46097,348,8.5
S1A_IW_GRDH_1SDV_20170523T142220_20170523T142245_016710_01BBF3_FC94,nwpo3,351,8.1
S1A_IW_GRDH_1SDV_20170523T142151_20170523T142220_016710_01BBF3_829A,46029,347,9.6
S1A_IW_GRDH_1SDV_20170523T110938_20170523T111007_016708_01BBE5_2CA1,spgf1,179,4.8
S1B_IW_GRDH_1SDV_20170523T044558_20170523T044627_005721_00A05D_F959,51003, 33,8.7
S1B_IW_GRDH_1SDV_20170523T031848_20170523T031917_005720_00A055_CF85,46061,108,3.6
S1B_IW_GRDH_1SDV_20170523T031848_20170523T031917_005720_00A055_CF85,blia2,302,2.8
S1B_IW_GRDH_1SDV_20170523T031848_20170523T031917_005720_00A055_CF85,mrka2,210,2.6
S1A_IW_GRDH_1SDV_20170522T230810_20170522T230834_016701_01BBB0_7DE0,45012,254,5.7
S1A_IW_GRDH_1SDV_20170522T230745_20170522T230810_016701_01BBB0_670A,dbln6,235,6.3
S1A_IW_GRDH_1SDV_20170522T230605_20170522T230630_016701_01BBB0_8D17,44041, 32,1.9
S1A_IW_GRDH_1SDV_20170522T230605_20170522T230630_016701_01BBB0_8D17,44056,999,99.0
S1A_IW_GRDH_1SDV_20170522T230605_20170522T230630_016701_01BBB0_8D17,44064,999,6.1
S1A_IW_GRDH_1SDV_20170522T230605_20170522T230630_016701_01BBB0_8D17,44072,355,5.6
S1A_IW_GRDH_1SDV_20170522T230605_20170522T230630_016701_01BBB0_8D17,44100,999,99.0
S1A_IW_GRDH_1SDV_20170522T230540_20170522T230605_016701_01BBB0_F52D,41025,205,7.9
S1A_IW_GRDH_1SDV_20170522T230540_20170522T230605_016701_01BBB0_F52D,41063,211,7.3
S1A_IW_GRDH_1SDV_20170522T230540_20170522T230605_016701_01BBB0_F52D,clkn7,213,4.8
S1A_IW_GRDH_1SDV_20170522T230515_20170522T230540_016701_01BBB0_D697,41037,196,6.7
S1A_IW_GRDH_1SDV_20170522T230515_20170522T230540_016701_01BBB0_D697,41038,203,4.2
S1A_IW_GRDH_1SDV_20170522T230515_20170522T230540_016701_01BBB0_D697,41064,226,6.9
S1A_IW_GRDH_1SDV_20170522T230450_20170522T230515_016701_01BBB0_8C4E,41002,193,3.4
S1B_IW_GRDH_1SDV_20170522T161401_20170522T161430_005713_00A024_4EF8,51000, 73,7.2
S1B_IW_GRDH_1SDV_20170522T143005_20170522T143021_005712_00A01B_E51A,46015,  5,10.4
S1B_IW_GRDH_1SDV_20170522T142940_20170522T143005_005712_00A01B_E663,46050, 18,5.8
S1B_IW_GRDH_1SDV_20170522T142940_20170522T143005_005712_00A01B_E663,46097,353,5.4
S1B_IW_GRDH_1SDV_20170522T142940_20170522T143005_005712_00A01B_E663,nwpo3, 23,2.2
S1B_IW_GRDH_1SDV_20170522T142915_20170522T142940_005712_00A01B_6A5E,46029,346,8.5
S1B_IW_GRDH_1SDV_20170522T142850_20170522T142915_005712_00A01B_C4AD,46041,309,5.4
S1B_IW_GRDH_1SDV_20170522T142850_20170522T142915_005712_00A01B_C4AD,46099,343,4.2
S1B_IW_GRDH_1SDV_20170522T142850_20170522T142915_005712_00A01B_C4AD,46100,334,5.9
S1B_IW_GRDH_1SDV_20170522T142850_20170522T142915_005712_00A01B_C4AD,desw1,287,0.1
S1A_IW_GRDH_1SDV_20170522T045641_20170522T045706_016690_01BB57_CEEE,51001, 28,11.6
S1A_IW_GRDH_1SDV_20170522T045616_20170522T045641_016690_01BB57_6395,51101, 31,11.8
S1A_IW_GRDH_1SDV_20170522T045457_20170522T045526_016690_01BB57_36B9,51003, 51,6.1
S1B_IW_GRDH_1SDV_20170521T033513_20170521T033542_005691_009F84_A68C,46061,355,5.1
S1B_IW_GRDH_1SDV_20170521T033513_20170521T033542_005691_009F84_A68C,46076, 14,8.8
S1B_IW_GRDH_1SDV_20170521T033513_20170521T033542_005691_009F84_A68C,46081,259,5.3
S1B_IW_GRDH_1SDV_20170521T033513_20170521T033542_005691_009F84_A68C,pila2,189,1.1
S1B_IW_GRDH_1SDV_20170521T014854_20170521T014919_005690_009F7F_0EA7,46086,284,8.4
S1A_IW_GRDH_1SDV_20170520T232447_20170520T232511_016672_01BACC_C382,45003, 82,7.1
S1A_IW_GRDH_1SDV_20170520T232447_20170520T232511_016672_01BACC_C382,45162, 78,7.9
S1A_IW_GRDH_1SDV_20170520T232447_20170520T232511_016672_01BACC_C382,45163, 67,9.3
S1A_IW_GRDH_1SDV_20170520T232357_20170520T232422_016672_01BACC_9798,45005, 78,10.7
S1A_IW_GRDH_1SDV_20170520T232357_20170520T232422_016672_01BACC_9798,45165, 88,10.8
S1A_IW_GRDH_1SDV_20170520T232357_20170520T232422_016672_01BACC_9798,45169, 81,9.7
S1A_IW_GRDH_1SDV_20170520T232357_20170520T232422_016672_01BACC_9798,45176, 69,5.2
S1A_IW_GRDH_1SDV_20170520T232357_20170520T232422_016672_01BACC_9798,sbio1, 84,8.3
S1A_IW_GRDH_1SDV_20170520T232012_20170520T232037_016672_01BACC_C4C5,41009,121,5.9
S1A_IW_GRDH_1SDV_20170520T232012_20170520T232037_016672_01BACC_C4C5,41010, 96,4.2
S1A_IW_GRDH_1SDV_20170520T231947_20170520T232012_016672_01BACC_B164,spgf1,110,4.9
S1B_IW_GRDH_1SDV_20170520T163150_20170520T163215_005684_009F4F_7C84,51003, 60,3.9
S1A_IW_GRDH_1SDV_20170520T140035_20170520T140100_016666_01BA9A_0D7A,46025,202,1.3
S1A_IW_GRDH_1SDV_20170520T140035_20170520T140100_016666_01BA9A_0D7A,46047,300,6.5
S1A_IW_GRDH_1SDV_20170520T140035_20170520T140100_016666_01BA9A_0D7A,46069,299,8.2
S1A_IW_GRDH_1SDV_20170520T140035_20170520T140100_016666_01BA9A_0D7A,46219,999,99.0
S1A_IW_GRDH_1SDV_20170520T140010_20170520T140035_016666_01BA9A_7C2B,46011,342,6.3
S1A_IW_GRDH_1SDV_20170520T140010_20170520T140035_016666_01BA9A_7C2B,46053,222,3.6
S1A_IW_GRDH_1SDV_20170520T140010_20170520T140035_016666_01BA9A_7C2B,46217,999,99.0
S1A_IW_GRDH_1SDV_20170520T140010_20170520T140035_016666_01BA9A_7C2B,46218,999,99.0
S1A_IW_GRDH_1SDV_20170520T140010_20170520T140035_016666_01BA9A_7C2B,46221,999,99.0
S1A_IW_GRDH_1SDV_20170520T140010_20170520T140035_016666_01BA9A_7C2B,46257,999,99.0
S1A_IW_GRDH_1SDV_20170520T140010_20170520T140035_016666_01BA9A_7C2B,ptgc1,  1,11.5
S1B_IW_GRDH_1SDV_20170520T042241_20170520T042306_005677_009F19_E059,51000,108,5.6
S1B_IW_GRDH_1SDV_20170520T042057_20170520T042126_005677_009F19_5021,51004, 59,7.6
S1A_IW_GRDH_1SDV_20170520T001818_20170520T001843_016658_01BA5D_566B,42035,115,9.8
S1A_IW_GRDH_1SDV_20170520T001818_20170520T001843_016658_01BA5D_566B,srst2,129,7.8
S1B_IW_GRDH_1SDV_20170519T233312_20170519T233337_005674_009F04_624C,45004,354,3.1
S1B_IW_GRDH_1SDV_20170519T233312_20170519T233337_005674_009F04_624C,stdm4,349,5.0
S1B_IW_GRDH_1SDV_20170519T233222_20170519T233247_005674_009F04_8CE2,45002, 17,4.9
S1B_IW_GRDH_1SDV_20170519T233222_20170519T233247_005674_009F04_8CE2,45022,333,2.2
S1B_IW_GRDH_1SDV_20170519T233128_20170519T233157_005674_009F04_896A,45165, 36,8.7
S1B_IW_GRDH_1SDV_20170519T233128_20170519T233157_005674_009F04_896A,sbio1, 27,3.1
S1A_IW_GRDH_1SDV_20170519T224307_20170519T224332_016657_01BA57_4FF9,44013, 43,6.9
S1A_IW_GRDH_1SDV_20170519T224307_20170519T224332_016657_01BA57_4FF9,iosn3,319,13.4
S1A_IW_GRDH_1SDV_20170519T224242_20170519T224307_016657_01BA57_D7E2,buzm3,234,11.6
S1A_IW_GRDH_1SDV_20170519T224217_20170519T224242_016657_01BA57_D70F,44066,213,6.4
S1B_IW_GRDH_1SDV_20170519T104833_20170519T104859_005666_009ECB_2CE8,buzm3,226,9.7
S1B_IW_GRDH_1SDV_20170519T104808_20170519T104833_005666_009ECB_B6C5,44013,225,5.5
S1B_IW_GRDH_1SDV_20170519T104739_20170519T104808_005666_009ECB_5585,44007,223,6.4
S1B_IW_GRDH_1SDV_20170519T104739_20170519T104808_005666_009ECB_5585,iosn3,241,7.9
S1B_IW_GRDH_1SDV_20170519T035144_20170519T035209_005662_009EA7_BEFD,drfa2, 46,7.6
S1B_IW_GRDH_1SDV_20170519T035119_20170519T035144_005662_009EA7_1B8F,amaa2, 89,8.6
S1B_IW_GRDH_1SDV_20170519T035119_20170519T035144_005662_009EA7_1B8F,auga2,124,5.1
S1B_IW_GRDH_1SDV_20170519T035119_20170519T035144_005662_009EA7_1B8F,fila2, 80,4.5
S1B_IW_GRDH_1SDV_20170519T020928_20170519T020953_005661_009EA1_842B,46041,223,0.7
S1B_IW_GRDH_1SDV_20170519T020928_20170519T020953_005661_009EA1_842B,46087,325,2.3
S1B_IW_GRDH_1SDV_20170519T020928_20170519T020953_005661_009EA1_842B,46088,328,0.8
S1B_IW_GRDH_1SDV_20170519T020928_20170519T020953_005661_009EA1_842B,46099,257,0.6
S1B_IW_GRDH_1SDV_20170519T020928_20170519T020953_005661_009EA1_842B,ttiw1,999,99.0
S1B_IW_GRDH_1SDV_20170519T020903_20170519T020928_005661_009EA1_21AD,46029,360,0.8
S1B_IW_GRDH_1SDV_20170519T020903_20170519T020928_005661_009EA1_21AD,46100,175,1.5
S1B_IW_GRDH_1SDV_20170519T020903_20170519T020928_005661_009EA1_21AD,46243,999,99.0
S1B_IW_GRDH_1SDV_20170519T020903_20170519T020928_005661_009EA1_21AD,46248,999,99.0
S1B_IW_GRDH_1SDV_20170519T020838_20170519T020903_005661_009EA1_BBF6,46050,357,2.5
S1B_IW_GRDH_1SDV_20170519T020838_20170519T020903_005661_009EA1_BBF6,46097,357,2.8
S1B_IW_GRDH_1SDV_20170519T020838_20170519T020903_005661_009EA1_BBF6,nwpo3,343,3.8
S1B_IW_GRDH_1SDV_20170519T020813_20170519T020838_005661_009EA1_CCAD,46015,344,5.2
S1B_IW_GRDH_1SDV_20170519T020813_20170519T020838_005661_009EA1_CCAD,46260,999,99.0
S1B_IW_GRDH_1SDV_20170519T020813_20170519T020838_005661_009EA1_CCAD,46261,999,99.0
S1B_IW_GRDH_1SDV_20170519T020748_20170519T020813_005661_009EA1_6F69,46027,315,6.6
S1B_IW_GRDH_1SDV_20170519T020723_20170519T020748_005661_009EA1_E782,46022,349,4.2
S1B_IW_GRDH_1SDV_20170519T020658_20170519T020723_005661_009EA1_DF1F,46013,308,12.5
S1B_IW_GRDH_1SDV_20170519T020658_20170519T020723_005661_009EA1_DF1F,46014,349,7.0
S1B_IW_GRDH_1SDV_20170519T020658_20170519T020723_005661_009EA1_DF1F,46214,999,99.0
S1B_IW_GRDH_1SDV_20170519T020633_20170519T020658_005661_009EA1_0EC4,46012,310,7.7
S1B_IW_GRDH_1SDV_20170519T020633_20170519T020658_005661_009EA1_0EC4,46026,307,8.8
S1B_IW_GRDH_1SDV_20170519T020633_20170519T020658_005661_009EA1_0EC4,46092,290,9.3
S1B_IW_GRDH_1SDV_20170519T020633_20170519T020658_005661_009EA1_0EC4,46114,999,99.0
S1B_IW_GRDH_1SDV_20170519T020633_20170519T020658_005661_009EA1_0EC4,46237,999,99.0
S1B_IW_GRDH_1SDV_20170519T020608_20170519T020633_005661_009EA1_CC52,46028,309,11.5
S1B_IW_GRDH_1SDV_20170519T020543_20170519T020608_005661_009EA1_F4DF,46011,318,9.2
S1B_IW_GRDH_1SDV_20170519T020543_20170519T020608_005661_009EA1_F4DF,46069,297,7.2
S1B_IW_GRDH_1SDV_20170519T020543_20170519T020608_005661_009EA1_F4DF,46218,999,99.0
S1B_IW_GRDH_1SDV_20170519T020543_20170519T020608_005661_009EA1_F4DF,46257,999,99.0
S1B_IW_GRDH_1SDV_20170519T020543_20170519T020608_005661_009EA1_F4DF,46259,999,99.0
S1B_IW_GRDH_1SDV_20170519T020543_20170519T020608_005661_009EA1_F4DF,ptgc1,  3,8.6
S1A_IW_GRDH_1SDV_20170518T233653_20170518T233718_016643_01B9E6_92D4,42036,  8,4.9
S1A_IW_GRDH_1SDV_20170518T233653_20170518T233718_016643_01B9E6_92D4,cdrf1,338,2.6
S1A_IW_GRDH_1SDV_20170518T233653_20170518T233718_016643_01B9E6_92D4,sgof1,146,0.1
S1A_IW_GRDH_1SDV_20170518T233653_20170518T233718_016643_01B9E6_92D4,ktnf1,300,3.0
S1A_IW_GRDH_1SDV_20170518T233628_20170518T233653_016643_01B9E6_6713,42013,348,5.5
S1A_IW_GRDH_1SDV_20170518T233628_20170518T233653_016643_01B9E6_6713,42022,  2,3.6
S1A_IW_GRDH_1SDV_20170518T233628_20170518T233653_016643_01B9E6_6713,42098,999,99.0
S1A_IW_GRDH_1SDV_20170518T233628_20170518T233653_016643_01B9E6_6713,42099,999,99.0
S1A_IW_GRDH_1SDV_20170518T233628_20170518T233653_016643_01B9E6_6713,venf1,318,4.3
S1A_IW_GRDH_1SDV_20170518T233538_20170518T233603_016643_01B9E6_D58F,plsf1, 97,9.3
S1A_IW_GRDH_1SDV_20170518T141604_20170518T141629_016637_01B9B7_C40C,46012,318,6.6
S1A_IW_GRDH_1SDV_20170518T141539_20170518T141604_016637_01B9B7_3824,46013,323,7.6
S1A_IW_GRDH_1SDV_20170518T141539_20170518T141604_016637_01B9B7_3824,46026,330,4.2
S1A_IW_GRDH_1SDV_20170518T141514_20170518T141539_016637_01B9B7_F4A7,46014,338,10.1
S1B_IW_GRDH_1SDV_20170518T043719_20170518T043748_005648_009E41_D46F,51002, 76,9.0
S1A_IW_GRDH_1SDV_20170518T003417_20170518T003442_016629_01B977_CE96,ptat2,123,9.3
S1A_IW_GRDH_1SDV_20170518T003352_20170518T003417_016629_01B977_711A,42020,133,7.9
S1A_IW_GRDH_1SDV_20170518T003352_20170518T003417_016629_01B977_711A,42044,124,6.2
S1A_IW_GRDH_1SDV_20170518T003352_20170518T003417_016629_01B977_711A,42045,999,8.4
S1B_IW_GRDH_1SDV_20170517T234925_20170517T234950_005645_009E30_679B,45006, 22,12.1
S1B_IW_GRDH_1SDV_20170517T234925_20170517T234950_005645_009E30_679B,disw3, 45,14.4
S1B_IW_GRDH_1SDV_20170517T234925_20170517T234950_005645_009E30_679B,roam4, 37,14.4
S1A_IW_GRDH_1SDV_20170517T225943_20170517T230008_016628_01B96F_3FB2,45012,233,4.1
S1A_IW_GRDH_1SDV_20170517T225803_20170517T225828_016628_01B96F_03F1,44058,188,4.9
S1A_IW_GRDH_1SDV_20170517T225803_20170517T225828_016628_01B96F_03F1,44064,999,1.6
S1A_IW_GRDH_1SDV_20170517T225803_20170517T225828_016628_01B96F_03F1,44072,240,4.5
S1A_IW_GRDH_1SDV_20170517T225734_20170517T225803_016628_01B96F_0ACB,41025,228,8.5
S1A_IW_GRDH_1SDV_20170517T225734_20170517T225803_016628_01B96F_0ACB,44014,197,5.7
S1A_IW_GRDH_1SDV_20170516T235351_20170516T235416_016614_01B90A_C531,dpia1,136,4.2
S1A_IW_GRDH_1SDV_20170516T235326_20170516T235351_016614_01B90A_1DC9,42012,126,3.2
S1A_IW_GRDH_1SDV_20170516T235326_20170516T235351_016614_01B90A_1DC9,42040,107,4.2
S1A_IW_GRDH_1SDV_20170516T161443_20170516T161513_016609_01B8DF_5200,51000, 85,9.1
S1A_IW_GRDH_1SDV_20170516T055327_20170516T055403_016603_01B8AF_05F4,46071,999,99.0
S1B_IW_GRDH_1SDV_20170516T045559_20170516T045624_005619_009D6E_0BA0,51001, 88,6.6
S1B_IW_GRDH_1SDV_20170516T045534_20170516T045559_005619_009D6E_B9BA,51101, 84,6.7
S1A_IW_GRDH_1SDV_20170516T023742_20170516T023807_016601_01B8A1_DE52,ffia2,233,1.7
S1A_IW_GRDH_1SDV_20170515T231312_20170515T231337_016599_01B891_9375,41004,221,5.4
S1A_IW_GRDH_1SDV_20170515T231312_20170515T231337_016599_01B891_9375,41013,235,7.2
S1A_IW_GRDH_1SDV_20170515T231222_20170515T231247_016599_01B891_3D56,41010, 77,4.7
S1B_IW_GRDH_1SDV_20170515T222612_20170515T222639_005615_009D56_2D74,mism1,341,9.5
S1A_IW_GRDH_1SDV_20170515T135226_20170515T135258_016593_01B864_3A46,46025,306,3.7
S1A_IW_GRDH_1SDV_20170515T135226_20170515T135258_016593_01B864_3A46,46047,307,9.4
S1A_IW_GRDH_1SDV_20170515T135226_20170515T135258_016593_01B864_3A46,46086,279,9.1
S1B_IW_GRDH_1SDV_20170514T232419_20170514T232448_005601_009CFE_C790,45003,290,5.7
S1B_IW_GRDH_1SDV_20170514T232419_20170514T232448_005601_009CFE_C790,45162,319,4.0
S1A_IW_GRDH_1SDV_20170514T223500_20170514T223525_016584_01B81F_D0AE,44007,330,10.2
S1A_IW_GRDH_1SDV_20170514T223500_20170514T223525_016584_01B81F_D0AE,iosn3,324,12.4
S1A_IW_GRDH_1SDV_20170514T223500_20170514T223525_016584_01B81F_D0AE,mism1, 33,14.2
S1A_IW_GRDH_1SDV_20170514T223431_20170514T223500_016584_01B81F_891E,44013,323,11.3
S1A_IW_GRDH_1SDV_20170514T223431_20170514T223500_016584_01B81F_891E,buzm3,313,11.0
S1A_IW_GRDH_1SDV_20170514T042323_20170514T042348_016573_01B7BD_FC97,51000, 77,9.7
S1A_IW_GRDH_1SDV_20170514T042139_20170514T042208_016573_01B7BD_F1FF,51004, 71,10.9
S1B_IW_GRDH_1SDV_20170514T015758_20170514T015823_005588_009C97_6459,46215,999,99.0
S1B_IW_GRDH_1SDV_20170514T015733_20170514T015758_005588_009C97_B0A5,46011,322,13.4
S1B_IW_GRDH_1SDV_20170514T015733_20170514T015758_005588_009C97_B0A5,46025,268,3.1
S1B_IW_GRDH_1SDV_20170514T015733_20170514T015758_005588_009C97_B0A5,46053,280,10.9
S1B_IW_GRDH_1SDV_20170514T015733_20170514T015758_005588_009C97_B0A5,46069,304,15.2
S1B_IW_GRDH_1SDV_20170514T015733_20170514T015758_005588_009C97_B0A5,ptgc1,359,12.5
S1B_IW_GRDH_1SDV_20170514T015704_20170514T015733_005588_009C97_EF6F,46047,316,12.0
S1B_IW_GRDH_1SDV_20170514T015704_20170514T015733_005588_009C97_EF6F,46086,295,8.0
S1A_IW_GRDH_1SDV_20170513T232858_20170513T232923_016570_01B7A7_1299,sauf1,224,5.3
S1A_IW_GRDH_1SDV_20170513T232833_20170513T232858_016570_01B7A7_7306,41009,359,2.6
S1A_IW_GRDH_1SDV_20170513T232743_20170513T232808_016570_01B7A7_CFE4,fwyf1,208,8.4
S1A_IW_GRDH_1SDV_20170513T232743_20170513T232808_016570_01B7A7_CFE4,mlrf1,247,4.7
S1A_IW_GRDH_1SDV_20170513T232718_20170513T232743_016570_01B7A7_6F1D,lonf1,251,4.3
S1A_IW_GRDH_1SDV_20170513T140811_20170513T140839_016564_01B775_EC78,46011,336,10.6
S1A_IW_GRDH_1SDV_20170513T140811_20170513T140839_016564_01B775_EC78,46028,330,14.3
S1A_IW_GRDH_1SDV_20170513T140811_20170513T140839_016564_01B775_EC78,46218,999,99.0
S1A_IW_GRDH_1SDV_20170513T140811_20170513T140839_016564_01B775_EC78,46257,999,99.0
S1A_IW_GRDH_1SDV_20170513T140811_20170513T140839_016564_01B775_EC78,46259,999,99.0
S1A_IW_GRDH_1SDV_20170513T140811_20170513T140839_016564_01B775_EC78,ptgc1,346,12.9
S1A_IW_GRDH_1SDV_20170512T225027_20170512T225052_016555_01B730_9928,44025,132,3.8
S1A_IW_GRDH_1SDV_20170512T225027_20170512T225052_016555_01B730_9928,44065,179,3.3
S1A_IW_GRDH_1SDV_20170512T225027_20170512T225052_016555_01B730_9928,44066, 61,3.8
S1A_IW_GRDH_1SDV_20170512T224912_20170512T224937_016555_01B730_462F,41001,116,5.9
S1A_IW_GRDH_1SDV_20170512T164726_20170512T164755_016551_01B70E_4EEA,51001,130,9.4
S1A_IW_GRDH_1SDV_20170512T164726_20170512T164755_016551_01B70E_4EEA,51101,135,9.1
S1B_IW_GRDH_1SDV_20170512T155933_20170512T160002_005567_009BFF_B133,51004, 80,8.5
S1A_IW_GRDH_1SDV_20170512T043800_20170512T043829_016544_01B6CF_9EA8,51002, 81,8.0
S1B_IW_GRDH_1SDV_20170512T021720_20170512T021745_005559_009BCA_6880,46100,174,3.2
S1B_IW_GRDH_1SDV_20170512T021655_20170512T021720_005559_009BCA_134F,46050,197,7.6
S1B_IW_GRDH_1SDV_20170512T021630_20170512T021655_005559_009BCA_5CF1,46015,214,9.8
S1B_IW_GRDH_1SDV_20170512T021605_20170512T021630_005559_009BCA_207A,46027,152,6.1
S1B_IW_GRDH_1SDV_20170512T021540_20170512T021605_005559_009BCA_0116,46022,188,4.9
S1B_IW_GRDH_1SDV_20170512T021515_20170512T021540_005559_009BCA_D993,46014,183,1.2
S1A_IW_GRDH_1SDV_20170511T234503_20170511T234528_016541_01B6BC_FDD0,42036,288,3.2
S1A_IW_GRDH_1SDV_20170511T234503_20170511T234528_016541_01B6BC_FDD0,42039,160,1.4
S1A_IW_GRDH_1SDV_20170511T234503_20170511T234528_016541_01B6BC_FDD0,sgof1,254,5.0
S1B_IW_GRDH_1SDV_20170511T225906_20170511T225935_005557_009BBB_5829,45012, 71,4.3
S1A_IW_GRDH_1SDV_20170511T142244_20170511T142309_016535_01B68A_2E5D,46027,187,8.8
S1A_IW_GRDH_1SDV_20170511T142150_20170511T142219_016535_01B68A_20D4,46029,230,5.7
S1A_IW_GRDH_1SDV_20170511T110938_20170511T111007_016533_01B67C_09D0,spgf1,232,4.5
S1B_IW_GRDH_1SDV_20170511T031848_20170511T031917_005545_009B64_6406,46061,226,2.0
S1B_IW_GRDH_1SDV_20170511T031848_20170511T031917_005545_009B64_6406,blia2,231,2.0
S1B_IW_GRDH_1SDV_20170511T031848_20170511T031917_005545_009B64_6406,mrka2,205,9.1
S1A_IW_GRDH_1SDV_20170510T230744_20170510T230809_016526_01B64A_B971,dbln6, 49,7.6
S1A_IW_GRDH_1SDV_20170510T230604_20170510T230629_016526_01B64A_D28F,44041, 82,3.7
S1A_IW_GRDH_1SDV_20170510T230604_20170510T230629_016526_01B64A_D28F,44056,999,99.0
S1A_IW_GRDH_1SDV_20170510T230604_20170510T230629_016526_01B64A_D28F,44064,999,6.3
S1A_IW_GRDH_1SDV_20170510T230604_20170510T230629_016526_01B64A_D28F,44072,142,6.9
S1A_IW_GRDH_1SDV_20170510T230604_20170510T230629_016526_01B64A_D28F,44100,999,99.0
S1A_IW_GRDH_1SDV_20170510T230539_20170510T230604_016526_01B64A_0DFB,41025, 19,1.7
S1A_IW_GRDH_1SDV_20170510T230539_20170510T230604_016526_01B64A_0DFB,41063,178,1.1
S1A_IW_GRDH_1SDV_20170510T230539_20170510T230604_016526_01B64A_0DFB,clkn7,131,3.0
S1A_IW_GRDH_1SDV_20170510T230514_20170510T230539_016526_01B64A_7952,41037,168,3.4
S1A_IW_GRDH_1SDV_20170510T230514_20170510T230539_016526_01B64A_7952,41038,147,3.7
S1A_IW_GRDH_1SDV_20170510T230514_20170510T230539_016526_01B64A_7952,41064,186,3.3
S1A_IW_GRDH_1SDV_20170510T230449_20170510T230514_016526_01B64A_0B19,41002,282,8.5
S1B_IW_GRDH_1SDV_20170510T161400_20170510T161429_005538_009B37_53B8,51000, 83,6.9
S1A_IW_GRDH_1SDV_20170509T222702_20170509T222731_016511_01B5E3_DE81,mism1,256,4.1
S1B_IW_GRDH_1SDV_20170509T033512_20170509T033541_005516_009AA2_F4CE,46061,108,2.5
S1B_IW_GRDH_1SDV_20170509T033512_20170509T033541_005516_009AA2_F4CE,46076, 32,5.6
S1B_IW_GRDH_1SDV_20170509T033512_20170509T033541_005516_009AA2_F4CE,46081,262,2.7
S1B_IW_GRDH_1SDV_20170509T033512_20170509T033541_005516_009AA2_F4CE,pila2,356,2.0
S1B_IW_GRDH_1SDV_20170509T014854_20170509T014919_005515_009A9E_37D7,46086,282,11.1
S1A_IW_GRDH_1SDV_20160506T104909_20160506T104934_011137_010CC4_7635,44017, 64,9.1
S1A_IW_GRDH_1SDV_20160506T104909_20160506T104934_011137_010CC4_7635,buzm3, 28,8.4
S1A_IW_GRDH_1SDV_20160423T101336_20160423T101401_010947_0106C5_0920,41043, 78,7.8
S1A_IW_GRDH_1SDV_20160420T222647_20160420T222714_010911_0105A7_C058,44005,203,2.9
S1A_IW_GRDH_1SDV_20160420T222647_20160420T222714_010911_0105A7_C058,44027, 11,2.2
S1A_IW_GRDH_1SDV_20160420T222647_20160420T222714_010911_0105A7_C058,mdrm1,239,5.5
S1A_IW_GRDH_1SDV_20160420T222647_20160420T222714_010911_0105A7_C058,mism1,237,7.3
S1A_IW_GRDH_1SDV_20160412T104908_20160412T104933_010787_0101F1_0512,44017,212,11.2
S1A_IW_GRDH_1SDV_20160412T104908_20160412T104933_010787_0101F1_0512,buzm3,201,11.3
S1A_IW_GRDH_1SDV_20160401T223426_20160401T223455_010634_00FD56_3F9D,44013,202,6.7
S1A_IW_GRDH_1SDV_20160401T223426_20160401T223455_010634_00FD56_3F9D,44018, 12,0.3
S1A_IW_GRDH_1SDV_20160401T223426_20160401T223455_010634_00FD56_3F9D,44020,211,13.4
S1A_IW_GRDH_1SDV_20160401T223426_20160401T223455_010634_00FD56_3F9D,buzm3,209,13.2
S1A_IW_GRDH_1SDV_20160330T101335_20160330T101400_010597_00FC3E_C3AA,41043,100,8.9
S1A_IW_GRDH_1SDV_20160327T222648_20160327T222714_010561_00FB36_5B13,44005,156,3.2
S1A_IW_GRDH_1SDV_20160327T222648_20160327T222714_010561_00FB36_5B13,44027,180,3.4
S1A_IW_GRDH_1SDV_20160327T222648_20160327T222714_010561_00FB36_5B13,mdrm1,156,3.6
S1A_IW_GRDH_1SDV_20160327T222648_20160327T222714_010561_00FB36_5B13,mism1,198,4.0
S1A_IW_GRDH_1SDV_20160319T104907_20160319T104933_010437_00F7B0_323F,44017,343,7.6
S1A_IW_GRDH_1SDV_20160319T104907_20160319T104933_010437_00F7B0_323F,buzm3,359,5.9
S1A_IW_GRDH_1SDV_20160315T222648_20160315T222713_010386_00F634_A901,44005, 86,12.4
S1A_IW_GRDH_1SDV_20160315T222648_20160315T222713_010386_00F634_A901,44027,113,11.2
S1A_IW_GRDH_1SDV_20160315T222648_20160315T222713_010386_00F634_A901,mdrm1, 83,14.5
S1A_IW_GRDH_1SDV_20160315T222648_20160315T222713_010386_00F634_A901,mism1, 94,15.2
S1A_IW_GRDH_1SDV_20160306T101334_20160306T101359_010247_00F241_6199,41043,117,4.3
S1A_IW_GRDH_1SDV_20160303T222648_20160303T222713_010211_00F13B_E990,44005,266,6.6
S1A_IW_GRDH_1SDV_20160303T222648_20160303T222713_010211_00F13B_E990,44027,274,9.3
S1A_IW_GRDH_1SDV_20160303T222648_20160303T222713_010211_00F13B_E990,mdrm1,265,9.7
S1A_IW_GRDH_1SDV_20160303T222648_20160303T222713_010211_00F13B_E990,mism1,291,8.6
S1A_IW_GRDH_1SDV_20160224T104907_20160224T104932_010087_00EDCC_B9FB,44017, 91,10.4
S1A_IW_GRDH_1SDV_20160224T104907_20160224T104932_010087_00EDCC_B9FB,buzm3, 58,8.7
S1A_IW_GRDH_1SDV_20160220T222648_20160220T222713_010036_00EC50_7340,44005,211,10.2
S1A_IW_GRDH_1SDV_20160220T222648_20160220T222713_010036_00EC50_7340,44027,199,10.1
S1A_IW_GRDH_1SDV_20160220T222648_20160220T222713_010036_00EC50_7340,mdrm1,193,10.5
S1A_IW_GRDH_1SDV_20160220T222648_20160220T222713_010036_00EC50_7340,mism1,203,13.6
S1A_IW_GRDH_1SDV_20160211T101334_20160211T101359_009897_00E830_EBB1,41043,109,6.4
S1A_IW_GRDH_1SDV_20160131T104907_20160131T104932_009737_00E395_9637,44017,236,8.5
S1A_IW_GRDH_1SDV_20160131T104907_20160131T104932_009737_00E395_9637,buzm3,237,6.4
S1A_IW_GRDH_1SDV_20160118T101335_20160118T101400_009547_00DDF9_78ED,41043,147,3.4
S1A_IW_GRDH_1SDV_20160110T221737_20160110T221806_009438_00DADC_26EB,44011,133,10.6
S1A_IW_GRDH_1SDV_20160107T104908_20160107T104933_009387_00D96B_56C2,44017,273,4.3
S1A_IW_GRDH_1SDV_20160107T104908_20160107T104933_009387_00D96B_56C2,buzm3,268,6.5
S1A_IW_GRDH_1SDV_20161221T223437_20161221T223506_014484_01781F_2D83,44013,254,7.5
S1A_IW_GRDH_1SDV_20161221T223437_20161221T223506_014484_01781F_2D83,44020,267,7.8
S1A_IW_GRDH_1SDV_20161221T223437_20161221T223506_014484_01781F_2D83,buzm3,266,8.3
S1B_IW_GRDH_1SDV_20161216T051148_20161216T051217_003417_005D64_85DC,46072,221,16.9
S1A_IW_GRDH_1SDV_20161209T223437_20161209T223506_014309_0172A8_1024,44013,308,10.9
S1A_IW_GRDH_1SDV_20161209T223437_20161209T223506_014309_0172A8_1024,44018,312,11.5
S1A_IW_GRDH_1SDV_20161209T223437_20161209T223506_014309_0172A8_1024,44020,265,4.5
S1A_IW_GRDH_1SDV_20161209T223437_20161209T223506_014309_0172A8_1024,buzm3,293,12.4
S1A_IW_GRDH_1SDV_20161127T223437_20161127T223506_014134_016D1C_528B,44013,321,9.2
S1A_IW_GRDH_1SDV_20161127T223437_20161127T223506_014134_016D1C_528B,44018,306,9.6
S1A_IW_GRDH_1SDV_20161127T223437_20161127T223506_014134_016D1C_528B,buzm3,320,10.9
S1B_IW_GRDH_1SDV_20161122T051148_20161122T051218_003067_005373_25F1,46072,266,14.4
S1A_IW_GRDH_1SDV_20161115T223438_20161115T223507_013959_0167C3_EA97,44013, 69,10.1
S1A_IW_GRDH_1SDV_20161115T223438_20161115T223507_013959_0167C3_EA97,44018, 86,9.6
S1A_IW_GRDH_1SDV_20161115T223438_20161115T223507_013959_0167C3_EA97,buzm3,128,13.3
S1A_IW_GRDH_1SDV_20161103T223438_20161103T223507_013784_01624D_47D3,44013,302,10.6
S1A_IW_GRDH_1SDV_20161103T223438_20161103T223507_013784_01624D_47D3,44018,299,10.2
S1A_IW_GRDH_1SDV_20161103T223438_20161103T223507_013784_01624D_47D3,buzm3,271,10.9
S1A_IW_GRDH_1SDV_20161022T223438_20161022T223507_013609_015CDA_0BCF,44013,256,13.1
S1A_IW_GRDH_1SDV_20161022T223438_20161022T223507_013609_015CDA_0BCF,44018,241,12.3
S1A_IW_GRDH_1SDV_20161022T223438_20161022T223507_013609_015CDA_0BCF,buzm3,270,17.2
S1A_IW_GRDH_1SDV_20161011T231312_20161011T231341_013449_0157D0_B836,41004, 26,10.6
S1A_IW_GRDH_1SDV_20161011T231312_20161011T231341_013449_0157D0_B836,41013, 32,10.2
S1A_IW_GRDH_1SDV_20161010T223438_20161010T223507_013434_015759_110C,44018,336,11.3
S1A_IW_GRDH_1SDV_20161010T223438_20161010T223507_013434_015759_110C,44020,334,10.3
S1A_IW_GRDH_1SDV_20161010T223438_20161010T223507_013434_015759_110C,buzm3,353,8.7
S1A_IW_GRDH_1SDV_20160928T223438_20160928T223507_013259_0151D5_602F,44013, 37,11.9
S1A_IW_GRDH_1SDV_20160928T223438_20160928T223507_013259_0151D5_602F,44018, 47,11.8
S1A_IW_GRDH_1SDV_20160928T223438_20160928T223507_013259_0151D5_602F,44020, 32,11.0
S1A_IW_GRDH_1SDV_20160928T223438_20160928T223507_013259_0151D5_602F,buzm3, 29,14.5
S1A_IW_GRDH_1SDV_20160923T222655_20160923T222722_013186_014F7D_D93C,44005, 10,9.8
S1A_IW_GRDH_1SDV_20160923T222655_20160923T222722_013186_014F7D_D93C,44027,355,8.4
S1A_IW_GRDH_1SDV_20160923T222655_20160923T222722_013186_014F7D_D93C,mism1, 21,6.7
S1A_IW_GRDH_1SDV_20160903T104915_20160903T104941_012887_0145C1_A73B,44017, 82,6.4
S1A_IW_GRDH_1SDV_20160903T104915_20160903T104941_012887_0145C1_A73B,buzm3,  8,2.7
S1A_IW_GRDH_1SDV_20160830T222654_20160830T222721_012836_014406_AA4F,44005,197,4.6
S1A_IW_GRDH_1SDV_20160830T222654_20160830T222721_012836_014406_AA4F,44027,232,5.9
S1A_IW_GRDH_1SDV_20160830T222654_20160830T222721_012836_014406_AA4F,mdrm1,215,8.9
S1A_IW_GRDH_1SDV_20160830T222654_20160830T222721_012836_014406_AA4F,mism1,215,7.9
S1A_IW_GRDH_1SDV_20160812T051229_20160812T051259_012563_013AEB_0E23,46072,244,10.3
S1A_IW_GRDH_1SDV_20160806T222653_20160806T222718_012486_01385A_4106,44005,201,7.1
S1A_IW_GRDH_1SDV_20160806T222653_20160806T222718_012486_01385A_4106,44027,206,4.8
S1A_IW_GRDH_1SDV_20160806T222653_20160806T222718_012486_01385A_4106,mdrm1,229,7.7
S1A_IW_GRDH_1SDV_20160806T222653_20160806T222718_012486_01385A_4106,mism1,234,5.9
S1A_IW_GRDH_1SDV_20160725T222652_20160725T222725_012311_013282_3482,44005,150,5.0
S1A_IW_GRDH_1SDV_20160725T222652_20160725T222725_012311_013282_3482,44027,160,3.0
S1A_IW_GRDH_1SDV_20160725T222652_20160725T222725_012311_013282_3482,mdrm1,140,6.1
S1A_IW_GRDH_1SDV_20160725T222652_20160725T222725_012311_013282_3482,mism1,135,5.6
S1A_IW_GRDH_1SDV_20160718T223435_20160718T223504_012209_012F39_77C1,44013,177,3.5
S1A_IW_GRDH_1SDV_20160718T223435_20160718T223504_012209_012F39_77C1,44018,183,4.7
S1A_IW_GRDH_1SDV_20160718T223435_20160718T223504_012209_012F39_77C1,44020,233,8.5
S1A_IW_GRDH_1SDV_20160718T223435_20160718T223504_012209_012F39_77C1,buzm3,218,10.9
S1A_IW_GRDH_1SDV_20160717T104913_20160717T104939_012187_012E7F_D839,44017,200,3.1
S1A_IW_GRDH_1SDV_20160717T104913_20160717T104939_012187_012E7F_D839,buzm3,201,6.1
S1A_IW_GRDH_1SDV_20160701T222651_20160701T222718_011961_012715_5897,44005,175,8.3
S1A_IW_GRDH_1SDV_20160701T222651_20160701T222718_011961_012715_5897,44027,174,5.8
S1A_IW_GRDH_1SDV_20160701T222651_20160701T222718_011961_012715_5897,mdrm1,147,8.8
S1A_IW_GRDH_1SDV_20160701T222651_20160701T222718_011961_012715_5897,mism1,164,8.6
S1A_IW_GRDH_1SDV_20160607T222649_20160607T222717_011611_011C06_A935,44005,182,7.1
S1A_IW_GRDH_1SDV_20160607T222649_20160607T222717_011611_011C06_A935,44027,156,4.3
S1A_IW_GRDH_1SDV_20160607T222649_20160607T222717_011611_011C06_A935,mdrm1,145,9.6
S1A_IW_GRDH_1SDV_20160607T222649_20160607T222717_011611_011C06_A935,mism1,163,6.6
S1A_IW_GRDH_1SDV_20160514T222648_20160514T222710_011261_0110C1_9130,44005,186,6.8
S1A_IW_GRDH_1SDV_20160514T222648_20160514T222710_011261_0110C1_9130,44027,219,6.1
S1A_IW_GRDH_1SDV_20160514T222648_20160514T222710_011261_0110C1_9130,mdrm1,187,7.6
S1A_IW_GRDH_1SDV_20160514T222648_20160514T222710_011261_0110C1_9130,mism1,189,8.7
S1A_IW_GRDH_1SDV_20170508T232446_20170508T232511_016497_01B573_AC88,45003,290,7.7
S1A_IW_GRDH_1SDV_20170508T232446_20170508T232511_016497_01B573_AC88,45008,217,2.0
S1A_IW_GRDH_1SDV_20170508T232446_20170508T232511_016497_01B573_AC88,45162,335,6.7
S1A_IW_GRDH_1SDV_20170508T232446_20170508T232511_016497_01B573_AC88,45163, 68,5.4
S1A_IW_GRDH_1SDV_20170508T232356_20170508T232421_016497_01B573_BEC1,45005,216,3.4
S1A_IW_GRDH_1SDV_20170508T232356_20170508T232421_016497_01B573_BEC1,45169,253,3.2
S1A_IW_GRDH_1SDV_20170508T232356_20170508T232421_016497_01B573_BEC1,45176,275,4.3
S1A_IW_GRDH_1SDV_20170508T232356_20170508T232421_016497_01B573_BEC1,sbio1,269,1.0
S1A_IW_GRDH_1SDV_20170508T232011_20170508T232036_016497_01B573_CED9,41009, 34,3.7
S1A_IW_GRDH_1SDV_20170508T232011_20170508T232036_016497_01B573_CED9,41010,314,5.3
S1A_IW_GRDH_1SDV_20170508T231946_20170508T232011_016497_01B573_80A6,spgf1, 71,1.5
S1A_IW_GRDH_1SDV_20170508T140035_20170508T140100_016491_01B541_3B47,46025,299,3.1
S1A_IW_GRDH_1SDV_20170508T140035_20170508T140100_016491_01B541_3B47,46047,315,5.4
S1A_IW_GRDH_1SDV_20170508T140035_20170508T140100_016491_01B541_3B47,46069,304,10.7
S1A_IW_GRDH_1SDV_20170508T140035_20170508T140100_016491_01B541_3B47,46219,999,99.0
S1A_IW_GRDH_1SDV_20170508T140010_20170508T140035_016491_01B541_689A,46011,333,5.1
S1A_IW_GRDH_1SDV_20170508T140010_20170508T140035_016491_01B541_689A,46053,229,0.7
S1A_IW_GRDH_1SDV_20170508T140010_20170508T140035_016491_01B541_689A,46217,999,99.0
S1A_IW_GRDH_1SDV_20170508T140010_20170508T140035_016491_01B541_689A,46218,999,99.0
S1A_IW_GRDH_1SDV_20170508T140010_20170508T140035_016491_01B541_689A,46221,999,99.0
S1A_IW_GRDH_1SDV_20170508T140010_20170508T140035_016491_01B541_689A,46257,999,99.0
S1A_IW_GRDH_1SDV_20170508T140010_20170508T140035_016491_01B541_689A,ptgc1,  4,8.0
S1B_IW_GRDH_1SDV_20170508T042056_20170508T042126_005502_009A3E_A2F1,51004, 95,7.8
S1B_IW_GRDH_1SDV_20170507T233312_20170507T233337_005499_009A2C_A1EE,stdm4,315,9.4
S1B_IW_GRDH_1SDV_20170507T233127_20170507T233157_005499_009A2C_35A1,sbio1,301,3.8
S1A_IW_GRDH_1SDV_20170507T224242_20170507T224307_016482_01B4FD_40CD,buzm3,187,6.2
S1A_IW_GRDH_1SDV_20170507T224217_20170507T224242_016482_01B4FD_7BE0,44066,272,5.8
S1B_IW_GRDH_1SDV_20170507T104739_20170507T104758_005491_0099F5_F566,mism1,156,10.7
S1B_IW_GRDH_1SDV_20170507T035144_20170507T035209_005487_0099D5_3481,drfa2, 42,8.4
S1B_IW_GRDH_1SDV_20170507T035119_20170507T035144_005487_0099D5_AE33,amaa2, 54,20.3
S1B_IW_GRDH_1SDV_20170507T035119_20170507T035144_005487_0099D5_AE33,auga2, 74,9.4
S1B_IW_GRDH_1SDV_20170507T035119_20170507T035144_005487_0099D5_AE33,fila2, 40,4.2
S1B_IW_GRDH_1SDV_20170507T020903_20170507T020928_005486_0099D1_739B,46029,328,7.9
S1B_IW_GRDH_1SDV_20170507T020903_20170507T020928_005486_0099D1_739B,46100,319,6.5
S1B_IW_GRDH_1SDV_20170507T020903_20170507T020928_005486_0099D1_739B,46243,999,99.0
S1B_IW_GRDH_1SDV_20170507T020903_20170507T020928_005486_0099D1_739B,46248,999,99.0
S1A_IW_GRDH_1SDV_20170506T234218_20170506T234243_016468_01B48C_3A8E,45001,327,6.0
S1A_IW_GRDH_1SDV_20170506T234218_20170506T234243_016468_01B48C_3A8E,roam4, 51,10.7
S1A_IW_GRDH_1SDV_20170506T234218_20170506T234243_016468_01B48C_3A8E,pilm4,344,6.2
S1A_IW_GRDH_1SDV_20170506T233653_20170506T233718_016468_01B48C_D6FF,42036,283,8.9
S1A_IW_GRDH_1SDV_20170506T233653_20170506T233718_016468_01B48C_D6FF,cdrf1,282,4.6
S1A_IW_GRDH_1SDV_20170506T233653_20170506T233718_016468_01B48C_D6FF,sgof1,290,9.9
S1A_IW_GRDH_1SDV_20170506T233653_20170506T233718_016468_01B48C_D6FF,ktnf1,250,9.5
S1A_IW_GRDH_1SDV_20170506T233628_20170506T233653_016468_01B48C_A6F8,42013,301,6.6
S1A_IW_GRDH_1SDV_20170506T233628_20170506T233653_016468_01B48C_A6F8,42022,304,6.8
S1A_IW_GRDH_1SDV_20170506T233628_20170506T233653_016468_01B48C_A6F8,42098,999,99.0
S1A_IW_GRDH_1SDV_20170506T233628_20170506T233653_016468_01B48C_A6F8,42099,999,99.0
S1A_IW_GRDH_1SDV_20170506T233628_20170506T233653_016468_01B48C_A6F8,venf1,301,7.8
S1A_IW_GRDH_1SDV_20170506T233538_20170506T233603_016468_01B48C_99F9,plsf1,350,2.3
S1A_IW_GRDH_1SDV_20170506T003416_20170506T003441_016454_01B41F_EBCA,ptat2,102,4.2
S1A_IW_GRDH_1SDV_20170506T003351_20170506T003416_016454_01B41F_0A3F,42020,108,3.1
S1A_IW_GRDH_1SDV_20170506T003351_20170506T003416_016454_01B41F_0A3F,42044, 64,4.9
S1A_IW_GRDH_1SDV_20170506T003351_20170506T003416_016454_01B41F_0A3F,42045,999,6.0
S1A_IW_GRDH_1SDV_20170505T225802_20170505T225827_016453_01B417_2300,44058,174,8.8
S1A_IW_GRDH_1SDV_20170505T225802_20170505T225827_016453_01B417_2300,44064,999,6.2
S1A_IW_GRDH_1SDV_20170505T225802_20170505T225827_016453_01B417_2300,44072,151,7.2
S1A_IW_GRDH_1SDV_20170505T225733_20170505T225802_016453_01B417_E59E,41025,201,13.0
S1A_IW_GRDH_1SDV_20170505T225733_20170505T225802_016453_01B417_E59E,44014,148,7.6
S1B_IW_GRDH_1SDV_20170505T022823_20170505T022851_005457_00990F_9CF2,ffia2,255,3.1
S1A_IW_GRDH_1SDV_20170504T235350_20170504T235415_016439_01B3AE_1412,dpia1,306,12.6
S1A_IW_GRDH_1SDV_20170504T235325_20170504T235350_016439_01B3AE_5A8E,42012,314,10.9
S1A_IW_GRDH_1SDV_20170504T235325_20170504T235350_016439_01B3AE_5A8E,42040,297,11.6
S1A_IW_GRDH_1SDV_20170504T055327_20170504T055402_016428_01B356_B90A,46071,999,99.0
S1A_IW_GRDH_1SDV_20170503T231311_20170503T231336_016424_01B33E_1C58,41004,118,3.0
S1A_IW_GRDH_1SDV_20170503T231311_20170503T231336_016424_01B33E_1C58,41013,141,2.9
S1A_IW_GRDH_1SDV_20170503T231221_20170503T231246_016424_01B33E_922D,41010, 89,4.9
S1B_IW_GRDH_1SDV_20170503T222611_20170503T222639_005440_009892_4900,mism1,307,8.5
S1A_IW_GRDH_1SDV_20170502T223500_20170502T223525_016409_01B2CD_3C65,44007,172,3.2
S1A_IW_GRDH_1SDV_20170502T223500_20170502T223525_016409_01B2CD_3C65,iosn3,183,6.9
S1A_IW_GRDH_1SDV_20170502T223500_20170502T223525_016409_01B2CD_3C65,mism1,250,6.6
S1A_IW_GRDH_1SDV_20170502T223431_20170502T223500_016409_01B2CD_0418,44013,125,5.0
S1A_IW_GRDH_1SDV_20170502T223431_20170502T223500_016409_01B2CD_0418,buzm3,218,13.1
S1A_IW_GRDH_1SDV_20170502T222854_20170502T222919_016409_01B2CC_9E5D,41043, 97,8.4
S1A_IW_GRDH_1SDV_20170502T025413_20170502T025438_016397_01B266_C88F,46083,999,10.5
S1A_IW_GRDH_1SDV_20170502T025344_20170502T025413_016397_01B266_F6A3,46084,999,99.0
S1B_IW_GRDH_1SDV_20170502T015733_20170502T015758_005413_0097CF_BED0,46011,319,11.2
S1B_IW_GRDH_1SDV_20170502T015733_20170502T015758_005413_0097CF_BED0,46025,261,2.8
S1B_IW_GRDH_1SDV_20170502T015733_20170502T015758_005413_0097CF_BED0,46053,213,2.7
S1B_IW_GRDH_1SDV_20170502T015733_20170502T015758_005413_0097CF_BED0,46069,268,4.1
S1B_IW_GRDH_1SDV_20170502T015733_20170502T015758_005413_0097CF_BED0,ptgc1,  4,9.3
S1B_IW_GRDH_1SDV_20170502T015704_20170502T015733_005413_0097CF_8B4A,46047,284,2.3
S1B_IW_GRDH_1SDV_20170502T015704_20170502T015733_005413_0097CF_8B4A,46086,265,2.5
S1A_IW_GRDH_1SDV_20170430T225026_20170430T225051_016380_01B1E4_7986,44025, 74,8.2
S1A_IW_GRDH_1SDV_20170430T225026_20170430T225051_016380_01B1E4_7986,44065, 76,8.2
S1A_IW_GRDH_1SDV_20170430T225026_20170430T225051_016380_01B1E4_7986,44066,101,8.9
S1A_IW_GRDH_1SDV_20170430T224911_20170430T224936_016380_01B1E4_A108,41001,221,4.9
S1A_IW_GRDH_1SDV_20170429T234502_20170429T234527_016366_01B174_B9B8,42036,181,1.7
S1A_IW_GRDH_1SDV_20170429T234502_20170429T234527_016366_01B174_B9B8,42039,135,7.2
S1A_IW_GRDH_1SDV_20170429T234502_20170429T234527_016366_01B174_B9B8,sgof1,141,6.4
S1A_IW_GRDH_1SDV_20170429T110937_20170429T111006_016358_01B135_08A6,spgf1,133,3.7
S1B_IW_GRDH_1SDV_20170429T031847_20170429T031916_005370_009693_8AC6,46061,156,3.3
S1B_IW_GRDH_1SDV_20170429T031847_20170429T031916_005370_009693_8AC6,blia2, 46,2.4
S1B_IW_GRDH_1SDV_20170429T031847_20170429T031916_005370_009693_8AC6,mrka2,228,2.8
S1A_IW_GRDH_1SDV_20170428T230513_20170428T230538_016351_01B0FF_21C4,41037,187,5.4
S1A_IW_GRDH_1SDV_20170428T230513_20170428T230538_016351_01B0FF_21C4,41038,211,3.9
S1A_IW_GRDH_1SDV_20170428T230513_20170428T230538_016351_01B0FF_21C4,41064,211,5.5
S1A_IW_GRDH_1SDV_20170428T230448_20170428T230513_016351_01B0FF_C8EA,41002,177,3.9
S1B_IW_GRDH_1SDV_20170427T033511_20170427T033540_005341_0095C9_7440,46061,212,2.5
S1B_IW_GRDH_1SDV_20170427T033511_20170427T033540_005341_0095C9_7440,46076,267,4.9
S1B_IW_GRDH_1SDV_20170427T033511_20170427T033540_005341_0095C9_7440,46081, 63,0.1
S1B_IW_GRDH_1SDV_20170427T033511_20170427T033540_005341_0095C9_7440,pila2,210,5.8
S1A_IW_GRDH_1SDV_20170426T231945_20170426T232010_016322_01B01F_C953,spgf1, 77,4.1
S1B_IW_GRDH_1SDV_20170425T233127_20170425T233156_005324_009545_42F3,sbio1, 59,6.5
S1A_IW_GRDH_1SDV_20170425T224216_20170425T224241_016307_01AFB1_C0DB,44066, 97,9.9
S1B_IW_GRDH_1SDV_20170425T104832_20170425T104858_005316_00950E_4969,buzm3, 63,10.9
S1B_IW_GRDH_1SDV_20170425T104807_20170425T104832_005316_00950E_F9B7,44013, 56,5.8
S1B_IW_GRDH_1SDV_20170425T104807_20170425T104832_005316_00950E_F9B7,44018, 76,6.7
S1B_IW_GRDH_1SDV_20170425T035143_20170425T035208_005312_0094E9_1B07,drfa2,353,6.5
S1B_IW_GRDH_1SDV_20170425T035118_20170425T035143_005312_0094E9_7D76,amaa2,119,6.5
S1B_IW_GRDH_1SDV_20170425T035118_20170425T035143_005312_0094E9_7D76,auga2,134,5.4
S1B_IW_GRDH_1SDV_20170425T035118_20170425T035143_005312_0094E9_7D76,fila2, 75,6.7
S1A_IW_GRDH_1SDV_20170424T233652_20170424T233717_016293_01AF45_C00E,42036,302,10.6
S1A_IW_GRDH_1SDV_20170424T233652_20170424T233717_016293_01AF45_C00E,cdrf1,290,5.3
S1A_IW_GRDH_1SDV_20170424T233652_20170424T233717_016293_01AF45_C00E,sgof1,334,6.1
S1A_IW_GRDH_1SDV_20170424T233627_20170424T233652_016293_01AF45_60C6,42013,299,8.6
S1A_IW_GRDH_1SDV_20170424T233627_20170424T233652_016293_01AF45_60C6,42022,295,10.2
S1A_IW_GRDH_1SDV_20170424T233627_20170424T233652_016293_01AF45_60C6,42098,999,99.0
S1A_IW_GRDH_1SDV_20170424T233627_20170424T233652_016293_01AF45_60C6,42099,999,99.0
S1A_IW_GRDH_1SDV_20170424T233627_20170424T233652_016293_01AF45_60C6,venf1,294,9.5
S1A_IW_GRDH_1SDV_20170424T233537_20170424T233602_016293_01AF45_9DD2,plsf1,310,8.9
S1B_IW_GRDH_1SDV_20170423T022822_20170423T022850_005282_00940B_A755,ffia2,286,1.5
S1A_IW_GRDH_1SDV_20170422T023741_20170422T023806_016251_01ADFF_F3C9,ffia2, 12,6.2
S1A_IW_GRDH_1SDV_20170421T231311_20170421T231336_016249_01ADF0_2DDB,41004,213,7.3
S1A_IW_GRDH_1SDV_20170421T231311_20170421T231336_016249_01ADF0_2DDB,41013,221,8.8
S1A_IW_GRDH_1SDV_20170421T231221_20170421T231246_016249_01ADF0_C87E,41010,172,3.9
S1A_IW_GRDH_1SDV_20170420T223430_20170420T223459_016234_01AD81_6351,44013, 49,5.0
S1A_IW_GRDH_1SDV_20170420T223430_20170420T223459_016234_01AD81_6351,44018, 88,4.3
S1A_IW_GRDH_1SDV_20170420T223430_20170420T223459_016234_01AD81_6351,buzm3, 59,9.2
S1A_IW_GRDH_1SDV_20170420T222853_20170420T222918_016234_01AD80_12AD,41043, 66,5.1
S1A_IW_GRDH_1SDV_20170418T225026_20170418T225051_016205_01AC97_398A,44025,128,6.8
S1A_IW_GRDH_1SDV_20170418T225026_20170418T225051_016205_01AC97_398A,44065,153,6.8
S1A_IW_GRDH_1SDV_20170418T225026_20170418T225051_016205_01AC97_398A,44066,100,3.6
S1A_IW_GRDH_1SDV_20170418T224911_20170418T224936_016205_01AC97_F9E0,41001, 61,9.9
S1B_IW_GRDH_1SDV_20170417T031847_20170417T031916_005195_009174_0450,46061,243,2.2
S1B_IW_GRDH_1SDV_20170417T031847_20170417T031916_005195_009174_0450,blia2,242,3.7
S1B_IW_GRDH_1SDV_20170417T031847_20170417T031916_005195_009174_0450,mrka2,210,5.1
S1A_IW_GRDH_1SDV_20170416T230513_20170416T230538_016176_01ABB0_6C3F,41037,205,7.3
S1A_IW_GRDH_1SDV_20170416T230513_20170416T230538_016176_01ABB0_6C3F,41038,208,5.1
S1A_IW_GRDH_1SDV_20170416T230513_20170416T230538_016176_01ABB0_6C3F,41064,223,8.7
S1A_IW_GRDH_1SDV_20170416T230448_20170416T230513_016176_01ABB0_A9D0,41002,157,4.3
S1B_IW_GRDH_1SDV_20170415T033511_20170415T033540_005166_0090A5_0B53,46061,  3,0.4
S1B_IW_GRDH_1SDV_20170415T033511_20170415T033540_005166_0090A5_0B53,46076,132,2.0
S1B_IW_GRDH_1SDV_20170415T033511_20170415T033540_005166_0090A5_0B53,46081,310,1.9
S1B_IW_GRDH_1SDV_20170415T033511_20170415T033540_005166_0090A5_0B53,pila2,207,0.7
S1A_IW_GRDH_1SDV_20170414T232355_20170414T232420_016147_01AAC9_120B,45169,999,7.3
S1A_IW_GRDH_1SDV_20170414T232355_20170414T232420_016147_01AAC9_120B,45176, 73,8.0
S1A_IW_GRDH_1SDV_20170414T232355_20170414T232420_016147_01AAC9_120B,sbio1, 81,5.3
S1A_IW_GRDH_1SDV_20170413T224216_20170413T224241_016132_01AA52_2EE8,44066,224,1.9
S1B_IW_GRDH_1SDV_20170413T035142_20170413T035207_005137_008FD1_AEEF,drfa2,304,5.0
S1B_IW_GRDH_1SDV_20170413T035117_20170413T035142_005137_008FD1_B898,amaa2,338,3.6
S1B_IW_GRDH_1SDV_20170413T035117_20170413T035142_005137_008FD1_B898,auga2,306,1.1
S1B_IW_GRDH_1SDV_20170413T035117_20170413T035142_005137_008FD1_B898,fila2, 51,5.2
S1A_IW_GRDH_1SDV_20170412T233626_20170412T233651_016118_01A9E5_975A,42013,  1,6.4
S1A_IW_GRDH_1SDV_20170412T233626_20170412T233651_016118_01A9E5_975A,42022,358,7.2
S1A_IW_GRDH_1SDV_20170412T233626_20170412T233651_016118_01A9E5_975A,42098,999,99.0
S1A_IW_GRDH_1SDV_20170412T233626_20170412T233651_016118_01A9E5_975A,42099,999,99.0
S1A_IW_GRDH_1SDV_20170412T233626_20170412T233651_016118_01A9E5_975A,venf1, 83,4.7
S1A_IW_GRDH_1SDV_20170412T233536_20170412T233601_016118_01A9E5_F191,plsf1, 35,9.0
S1B_IW_GRDH_1SDV_20170411T022821_20170411T022849_005107_008EFF_1899,ffia2,232,2.5
S1A_IW_GRDH_1SDV_20170409T231310_20170409T231335_016074_01A895_AA42,41013,117,1.6
S1A_IW_GRDH_1SDV_20170408T025412_20170408T025437_016047_01A7BA_25D6,46083,999,4.0
S1A_IW_GRDH_1SDV_20170408T025343_20170408T025412_016047_01A7BA_604B,46084,999,99.0
S1A_IW_GRDH_1SDV_20170407T232741_20170407T232806_016045_01A7AA_3330,fwyf1, 70,3.0
S1A_IW_GRDH_1SDV_20170407T232741_20170407T232806_016045_01A7AA_3330,mlrf1,256,3.7
S1B_IW_GRDH_1SDV_20170405T031846_20170405T031915_005020_008C75_DE0B,46061, 94,8.4
S1B_IW_GRDH_1SDV_20170405T031846_20170405T031915_005020_008C75_DE0B,blia2,311,3.3
S1B_IW_GRDH_1SDV_20170405T031846_20170405T031915_005020_008C75_DE0B,mrka2, 58,1.5
S1A_IW_GRDH_1SDV_20170327T025412_20170327T025437_015872_01A27F_3F6A,46083,999,8.5
S1A_IW_GRDH_1SDV_20170327T025343_20170327T025412_015872_01A27F_8BA8,46084,999,99.0
S1B_IW_GRDH_1SDV_20170324T031846_20170324T031915_004845_008766_903F,46061,347,6.1
S1B_IW_GRDH_1SDV_20170324T031846_20170324T031915_004845_008766_903F,blia2, 20,9.9
S1B_IW_GRDH_1SDV_20170324T031846_20170324T031915_004845_008766_903F,mrka2, 28,4.9
S1B_IW_GRDH_1SDV_20170320T035142_20170320T035207_004787_0085C6_9393,drfa2,355,2.0
S1B_IW_GRDH_1SDV_20170308T035141_20170308T035206_004612_00809F_A80B,drfa2,  2,1.4
S1A_IW_GRDH_1SDV_20170303T025411_20170303T025436_015522_0197FC_089E,46083,999,17.4
S1A_IW_GRDH_1SDV_20170303T025342_20170303T025411_015522_0197FC_0873,46084,999,99.0
S1B_IW_GRDH_1SDV_20170224T035141_20170224T035206_004437_007B81_5B9D,drfa2,356,2.2
S1B_IW_GRDH_1SDV_20170131T035142_20170131T035207_004087_007108_8E37,drfa2, 11,4.3
