name,height,lat,lon
0y2w3,10.0,44.794,-87.313
13001,4.0,12.0,-23.0
13002,4.0,21.0,-23.0
13008,4.0,15.0,-38.0
13009,4.0,8.0,-38.0
13010,4.0,0.0,0.0
15001,4.0,-10.0,-10.0
15002,4.0,0.0,-10.0
15006,4.0,-6.0,-10.0
15007,4.0,-6.0,8.0
15319,4.0,-5.583,11.833
18ci3,21.0,41.73,-86.91
18cy3,21.0,41.73,-86.91
20cm4,24.0,42.09,-86.49
21178,24.0,33.12,133.62
21346,24.0,40.302,146.192
21347,24.0,39.601,145.799
21348,24.0,38.816,145.595
21401,24.0,42.617,152.583
21402,24.0,46.488,158.343
21413,24.0,30.533,152.132
21414,24.0,48.968,178.219
21415,24.0,50.167,171.915
21416,24.0,48.122,163.328
21417,24.0,43.192,157.142
21418,24.0,38.735,148.64
21419,24.0,44.435,155.717
22101,24.0,37.23,126.02
22102,24.0,34.8,125.77
22103,24.0,34.0,127.5
22104,24.0,34.77,128.9
22105,24.0,37.53,130.0
22106,24.0,36.35,129.78
22107,24.0,33.08,126.03
22108,24.0,36.25,125.75
23020,24.0,22.162,38.5
23217,24.0,3.798,91.701
23218,24.0,9.999,88.5
23219,24.0,13.5,88.998
23220,24.0,14.433,89.333
23223,24.0,17.333,89.483
23226,24.0,20.2,67.333
23227,24.0,6.255,88.792
23228,24.0,20.799,65.347
23401,24.0,8.86,88.548
23461,24.0,9.541,95.668
28401,4.0,32.288,144.608
31001,4.0,0.0,-35.0
31002,4.0,4.0,-38.0
31003,4.0,-8.0,-30.0
31004,4.0,-14.0,-32.0
31005,4.0,-19.0,-34.0
31006,4.0,4.0,-23.0
31007,4.0,0.0,-23.0
31051,3.7,-25.283,-44.933
31052,3.7,-8.15,-34.567
31053,3.7,-32.595,-51.353
31201,3.7,-27.705,-48.134
31260,3.7,-23.031,-43.088
31261,3.7,-31.538,-49.862
31478,3.7,-22.882,-43.132
32012,3.7,-19.425,-85.078
32066,3.7,-1.136,-81.765
32067,3.7,0.641,-81.262
32301,5.0,-9.9,-105.2
32302,5.0,-18.0,-85.1
32401,5.0,-20.474,-73.421
32402,5.0,-26.743,-73.983
32403,5.0,-23.163,-72.037
32404,5.0,-32.118,-73.783
32411,5.0,4.995,-90.85
32412,5.0,-17.984,-86.374
32413,5.0,-7.406,-93.517
32487,5.0,3.517,-77.737
32488,5.0,6.258,-77.511
32489,5.0,2.998,-79.101
32746,4.0,-5.0,-110.0
32st0,2.71,-19.43,-85.074
34002,6.2,-55.0,-90.0
34420,6.2,-35.758,-75.243
3fus2,6.2,70.5,-148.5
41001,4.0,34.625,-72.617
41002,5.0,31.76,-74.84
41003,5.0,30.4,-80.1
41004,4.0,32.501,-79.099
41005,4.0,31.7,-79.7
41006,4.0,29.3,-77.4
41007,4.0,34.2,-76.5
41008,5.0,31.4,-80.868
41009,4.0,28.501,-80.184
41010,4.0,28.884,-78.45
41011,4.0,28.2,-80.1
41012,5.0,30.042,-80.534
41013,4.0,33.436,-77.743
41015,4.0,35.4,-75.3
41016,4.0,24.6,-76.5
41017,4.0,35.4,-75.1
41018,4.0,15.0,-75.0
41021,4.0,31.92,-80.85
41022,4.0,31.89,-80.86
41023,4.0,31.92,-80.93
41024,2.95,33.837,-78.484
41025,5.0,35.005,-75.403
41026,4.0,12.0,-38.0
41029,2.95,32.803,-79.624
41033,2.95,32.279,-80.41
41035,5.0,34.476,-77.28
41036,5.0,34.207,-76.949
41037,2.95,33.989,-77.361
41038,2.95,34.142,-77.719
41040,4.0,14.559,-53.073
41041,5.0,14.329,-46.082
41043,4.0,21.132,-64.856
41044,4.0,21.575,-58.625
41046,4.0,23.832,-68.417
41047,4.0,27.52,-71.53
41048,5.0,31.86,-69.59
41049,5.0,27.537,-62.945
41051,4.0,18.257,-65.004
41052,4.0,18.251,-64.763
41057,3.35,19.833,-70.731
41060,3.35,14.754,-50.949
41061,3.35,24.581,-38.0
41062,3.5,35.778,-75.095
41063,3.5,34.782,-75.941
41064,2.95,34.207,-76.949
41096,2.95,16.533,-61.404
41097,2.95,14.48,-61.096
41098,2.95,14.894,-61.113
41100,2.95,15.9,-57.883
41101,2.95,14.6,-56.201
41108,2.95,33.721,-78.015
41109,2.95,34.484,-77.3
41110,2.95,34.141,-77.717
41112,2.95,30.709,-81.292
41113,2.95,28.4,-80.534
41114,2.95,27.55,-80.217
41116,2.95,28.523,-80.188
41117,2.95,30.0,-81.08
41118,2.95,28.609,-80.59
41139,4.0,20.0,-38.0
41140,4.0,17.769,-64.723
41141,4.0,17.684,-64.635
41159,4.0,34.21,-76.948
41193,4.0,12.351,-72.218
41194,4.0,11.161,-74.681
41420,4.0,23.508,-67.287
41421,4.0,23.38,-64.112
41424,4.0,33.0,-72.66
41a46,4.0,23.838,-68.333
41b41,4.0,14.329,-46.082
41nt0,2.7,14.754,-50.949
41s43,4.0,21.132,-64.856
41s46,4.0,23.866,-68.481
42001,3.6,25.897,-89.668
42002,5.0,26.091,-93.758
42003,5.0,26.007,-85.648
42004,5.0,27.5,-85.5
42005,5.0,30.0,-85.9
42006,5.0,26.5,-96.0
42007,5.0,30.09,-88.769
42008,5.0,28.7,-95.3
42009,5.0,29.3,-87.5
42010,5.0,29.7,-93.4
42011,5.0,29.7,-93.5
42012,5.0,30.064,-87.551
42013,3.1,27.173,-82.924
42014,2.8,25.254,-82.22
42015,2.8,30.1,-88.2
42016,2.8,30.2,-88.1
42017,2.8,27.9,-90.9
42018,2.8,30.0,-88.2
42019,5.0,27.907,-95.352
42020,5.0,26.968,-96.694
42021,2.8,28.311,-83.306
42022,3.1,27.504,-83.741
42023,3.1,26.01,-83.086
42024,3.2,27.464,-84.219
42025,3.2,24.9,-80.4
42035,5.0,29.232,-94.413
42036,5.0,28.501,-84.516
42037,3.2,24.5,-81.4
42038,3.2,27.421,-92.555
42039,5.0,28.788,-86.008
42040,4.0,29.208,-88.226
42041,5.0,27.504,-90.462
42042,5.0,29.88,-88.32
42043,3.4,28.982,-94.899
42044,3.4,26.191,-97.051
42045,3.4,26.217,-96.5
42046,3.4,27.89,-94.037
42047,3.4,27.896,-93.597
42048,3.4,27.939,-96.843
42049,3.4,28.351,-96.006
42050,3.4,28.842,-94.241
42051,3.4,29.635,-93.642
42053,3.4,29.55,-88.5
42054,3.4,26.0,-87.73
42055,5.0,22.12,-93.96
42056,4.0,19.918,-84.938
42057,4.0,16.908,-81.422
42058,4.0,14.888,-74.575
42059,4.0,15.252,-67.51
42060,4.0,16.406,-63.188
42065,5.0,14.926,-75.046
42067,5.0,30.042,-88.647
42080,2.0,24.396,-81.934
42087,3.35,11.185,-60.848
42088,3.35,11.301,-60.521
42089,3.35,19.699,-80.061
42090,3.35,18.432,-69.58
42097,3.35,25.7,-83.65
42098,3.35,27.589,-82.931
42099,3.35,27.345,-84.275
42360,3.0,26.672,-90.471
42361,122.0,27.55,-92.49
42362,122.0,27.795,-90.648
42363,122.0,28.16,-89.22
42364,122.0,29.06,-88.09
42365,122.0,28.2,-89.12
42366,122.0,27.122,-91.959
42367,122.0,28.742,-88.826
42368,122.0,27.204,-92.202
42369,60.4,27.207,-90.283
42370,78.7,27.322,-90.536
42371,78.7,27.732,-91.111
42372,78.7,27.78,-90.518
42373,78.7,27.354,-94.625
42374,78.7,28.866,-88.056
42375,61.0,28.521,-88.289
42376,61.0,29.108,-87.944
42377,61.0,27.293,-90.968
42379,61.0,27.362,-90.181
42380,61.0,28.209,-88.737
42381,61.0,28.221,-89.615
42382,61.0,27.304,-93.538
42383,61.0,27.37,-89.924
42384,61.0,27.993,-90.326
42385,61.0,28.34,-88.266
42386,61.0,27.326,-90.714
42387,61.0,28.267,-88.399
42388,61.0,27.73,-91.109
42390,61.0,26.129,-94.898
42391,61.0,28.034,-89.101
42392,61.0,27.196,-90.027
42393,61.0,27.301,-90.135
42394,100.0,28.157,-89.24
42395,3.0,26.404,-90.792
42397,3.0,28.755,-88.267
42398,3.0,26.132,-92.04
42399,3.0,27.111,-92.04
42401,3.0,27.509,-90.556
42408,3.0,25.2,-87.0
42409,3.0,25.851,-89.251
42429,3.0,27.401,-85.671
42851,3.0,26.572,-90.784
42852,3.0,28.501,-89.769
42853,3.0,27.146,-90.319
42854,3.0,27.768,-90.798
42855,3.0,28.201,-88.766
42856,3.0,26.52,-90.531
42857,3.0,27.569,-92.396
42858,3.0,27.962,-89.048
42859,3.0,27.514,-90.376
42860,3.0,27.937,-90.01
42861,3.0,28.369,-87.924
42862,3.0,27.57,-92.396
42863,3.0,28.962,-88.696
42864,3.0,26.455,-90.777
42865,3.0,27.354,-94.473
42866,3.0,28.491,-88.997
42867,3.0,28.183,-88.629
42868,3.0,28.214,-88.519
42869,3.0,28.695,-87.931
42870,3.0,27.458,-90.884
42871,3.0,27.331,-89.868
42872,3.0,28.738,-88.366
42873,3.0,26.231,-94.729
42874,3.0,28.603,-88.332
42875,3.0,28.154,-89.836
42876,3.0,26.297,-91.094
42877,3.0,28.18,-89.29
42878,3.0,27.784,-91.983
42879,3.0,27.476,-90.559
42880,3.0,27.25,-90.034
42881,3.0,27.554,-88.361
42882,3.0,27.339,-94.47
42883,3.0,26.515,-94.212
42884,3.0,27.893,-87.984
42885,3.0,28.249,-88.828
42886,3.0,28.17,-89.24
42887,48.2,28.191,-88.496
42888,48.2,28.893,-87.985
42889,48.2,28.394,-89.465
42890,48.2,27.625,-90.441
42891,48.2,28.163,-88.484
42892,48.2,27.599,-92.298
42893,48.2,27.146,-90.319
42894,48.2,28.77,-88.834
42895,48.2,28.273,-88.662
42896,48.2,28.919,-88.476
42897,48.2,27.355,-89.797
42898,48.2,27.026,-92.237
42899,48.2,26.066,-92.06
42900,48.2,28.36,-89.423
42901,48.2,27.22,-90.03
42902,48.2,28.619,-88.026
42903,48.2,26.312,-92.646
42904,48.2,28.085,-87.986
42905,48.2,26.726,-90.508
42906,48.2,19.633,-92.483
42907,48.2,27.465,-90.566
42908,48.2,26.909,-93.305
42909,48.2,28.201,-88.752
42910,48.2,27.847,-90.719
42911,48.2,27.464,-92.433
42912,48.2,27.233,-91.143
42913,48.2,28.509,-88.031
42914,48.2,26.806,-90.567
42915,48.2,28.01,-89.043
42916,48.2,28.445,-88.277
42917,48.2,27.359,-90.743
42918,48.2,27.691,-91.114
42919,48.2,28.26,-88.885
42920,48.2,26.865,-93.661
42921,48.2,28.354,-87.82
42922,48.2,26.449,-90.784
42923,48.2,27.747,-91.088
42924,48.2,27.69,-91.116
42925,48.2,28.301,-88.127
42926,48.2,26.201,-92.871
42927,48.2,28.418,-88.032
42928,48.2,28.309,-88.827
42929,48.2,26.949,-93.442
42930,48.2,26.906,-94.906
42931,48.2,27.601,-91.354
42932,48.2,27.562,-89.977
42933,48.2,27.333,-90.599
42934,48.2,28.367,-88.248
42935,48.2,28.235,-88.995
42936,48.2,27.24,-90.816
42937,48.2,28.784,-88.235
42938,48.2,28.257,-89.274
42939,48.2,28.859,-88.044
42940,48.2,28.986,-88.149
43010,48.2,10.051,-125.032
43412,48.2,16.026,-106.997
43413,48.2,10.842,-100.137
44001,48.2,38.7,-73.6
44003,48.2,40.8,-68.5
44004,5.0,38.484,-70.433
44005,5.0,43.201,-69.128
44006,5.0,36.3,-75.4
44007,5.0,43.525,-70.141
44008,5.0,40.504,-69.248
44009,5.0,38.461,-74.703
44010,5.0,36.9,-75.7
44011,5.0,41.098,-66.619
44012,5.0,38.8,-74.6
44013,5.0,42.346,-70.651
44014,5.0,36.611,-74.843
44015,5.0,37.5,-73.4
44017,5.0,40.694,-72.048
44018,5.0,42.119,-69.7
44019,5.0,36.4,-75.2
44020,5.0,41.439,-70.186
44021,2.0,43.762,-69.988
44022,3.5,40.883,-73.728
44023,3.5,37.5,-74.4
44024,4.0,42.327,-65.912
44025,5.0,40.251,-73.164
44026,5.0,36.0,-73.5
44027,5.0,44.287,-67.307
44028,5.0,41.4,-71.08
44029,4.0,42.523,-70.566
44030,4.0,43.181,-70.428
44031,4.0,43.57,-70.06
44032,4.0,43.716,-69.355
44033,4.0,44.055,-68.998
44034,4.0,44.106,-68.109
44035,4.0,44.89,-67.02
44036,4.0,45.2,-66.02
44037,4.0,43.491,-67.879
44038,4.0,43.633,-66.55
44039,3.5,41.138,-72.655
44040,3.5,40.956,-73.58
44041,3.0,37.211,-76.787
44042,3.0,38.033,-76.335
44043,3.0,39.152,-76.391
44044,3.0,38.389,-76.526
44052,3.0,37.236,-76.399
44053,3.0,37.244,-76.5
44054,3.0,38.883,-75.183
44055,3.0,39.122,-75.256
44056,3.0,36.2,-75.714
44057,3.0,39.54,-76.074
44058,3.0,37.567,-76.257
44059,3.0,36.846,-76.298
44060,3.5,41.263,-72.067
44061,2.0,38.788,-77.036
44062,3.0,38.556,-76.415
44063,3.0,38.963,-76.448
44064,3.0,36.998,-76.087
44065,5.0,40.369,-73.703
44066,5.0,39.568,-72.586
44067,2.74321,38.368,-76.996
44068,3.0,37.314,-77.191
44069,3.0,40.699,-73.087
44070,3.0,41.392,-71.004
44071,3.0,36.906,-75.691
44072,3.0,37.201,-76.266
44088,3.0,36.612,-74.838
44089,3.0,37.757,-75.334
44090,3.0,41.84,-70.329
44091,3.0,39.778,-73.769
44092,3.0,42.942,-70.632
44093,3.0,36.872,-75.492
44094,3.0,40.585,-73.106
44095,3.0,35.75,-75.33
44096,3.0,37.023,-75.809
44097,3.0,40.969,-71.127
44098,3.0,42.798,-70.168
44099,3.0,36.915,-75.72
44100,3.0,36.26,-75.594
44137,5.0,42.26,-62.0
44138,5.0,44.25,-53.63
44139,5.0,44.24,-57.1
44140,5.0,42.87,-51.47
44141,5.0,42.99,-57.96
44142,5.0,42.5,-64.033
44150,5.0,42.5,-64.02
44172,5.0,44.5,-63.408
44174,5.0,49.075,-60.822
44175,5.0,46.877,-62.0
44176,5.0,47.535,-64.527
44235,5.0,47.263,-57.341
44251,5.0,46.44,-53.39
44255,5.0,47.27,-57.34
44258,5.0,44.5,-63.4
44401,5.0,37.592,-50.03
44402,5.0,39.298,-70.659
45001,5.0,48.061,-87.793
45002,5.0,45.344,-86.411
45003,5.0,45.351,-82.84
45004,5.0,47.585,-86.585
45005,4.0,41.677,-82.398
45006,5.0,47.335,-89.793
45007,5.0,42.674,-87.026
45008,5.0,44.283,-82.416
45009,5.0,41.6,-82.0
45010,5.0,43.0,-87.8
45011,5.0,43.02,-86.27
45012,5.0,43.621,-77.406
45013,2.0,43.1,-87.85
45014,2.0,44.8,-87.76
45015,2.0,41.714,-87.527
45016,2.0,41.783,-87.573
45017,2.0,41.903,-87.622
45018,2.0,41.968,-87.637
45019,2.0,41.979,-87.649
45020,2.4,44.789,-85.604
45021,3.2,45.048,-85.493
45022,2.95,45.403,-85.088
45023,3.0,47.27,-88.607
45024,2.95,43.973,-86.556
45025,3.0,46.969,-88.398
45026,3.0,41.983,-86.617
45027,3.0,46.86,-91.932
45028,3.0,46.818,-91.828
45029,3.0,42.9,-86.272
45132,5.0,42.46,-81.22
45135,5.0,43.78,-76.87
45136,5.0,48.53,-86.95
45137,5.0,45.54,-81.01
45138,5.0,49.54,-65.71
45139,5.0,43.25,-79.53
45140,5.0,50.79,-96.73
45141,5.0,61.18,-115.31
45142,5.0,42.74,-79.29
45143,5.0,44.94,-80.627
45144,5.0,53.23,-98.29
45145,5.0,51.87,-96.97
45147,5.0,42.43,-82.68
45148,5.0,49.65,-94.5
45149,5.0,43.54,-82.07
45150,5.0,61.98,-114.13
45151,5.0,44.5,-79.37
45152,5.0,46.23,-79.72
45154,5.0,46.05,-82.64
45155,5.0,43.59,-79.39
45158,5.0,59.0,-94.0
45159,5.0,43.77,-78.98
45160,5.0,43.417,-79.633
45161,2.3,43.179,-86.357
45162,2.3,44.988,-83.271
45163,2.3,43.986,-83.595
45164,1.0,41.732,-81.694
45165,2.0,41.702,-83.261
45166,2.5,44.785,-73.258
45167,2.0,42.186,-80.137
45168,3.0,42.397,-86.331
45169,2.75,41.615,-81.821
45170,2.5,41.755,-86.968
45171,0.82,46.724,-87.411
45172,0.82,46.742,-85.958
45173,2.0,46.573,-86.572
45174,3.0,42.135,-87.655
45175,2.95,45.825,-84.772
45176,3.0,41.55,-81.765
45177,3.0,41.894,-87.613
45178,1.0,44.603,-73.394
45179,0.6,47.195,-87.224
45180,0.6,48.019,-87.8
46001,5.0,56.232,-147.949
46002,4.0,42.612,-130.537
46003,4.0,51.831,-155.85
46004,5.0,50.93,-136.1
46005,4.0,46.14,-131.07
46006,4.0,40.782,-137.397
46007,4.0,59.2,-152.7
46008,4.0,57.1,-151.7
46009,4.0,60.2,-146.8
46010,4.0,46.2,-124.2
46011,5.0,34.956,-121.019
46012,5.0,37.363,-122.881
46013,4.0,38.238,-123.307
46014,4.0,39.235,-123.974
46015,4.0,42.779,-124.874
46016,4.0,63.283,-170.3
46017,4.0,60.283,-172.3
46018,4.0,60.283,-177.0
46019,4.0,57.2,-170.3
46020,4.0,55.883,-168.0
46021,4.0,57.7,-160.0
46022,5.0,40.72,-124.531
46023,10.0,34.714,-120.967
46024,10.0,33.0,-119.2
46025,4.0,33.749,-119.053
46026,5.0,37.755,-122.839
46027,5.0,41.852,-124.382
46028,5.0,35.712,-121.858
46029,5.0,46.143,-124.485
46030,5.0,40.423,-124.525
46031,5.0,55.5,-161.683
46032,5.0,54.2,-165.8
46033,5.0,55.783,-159.8
46034,5.0,55.1,-163.1
46035,5.0,57.026,-177.738
46036,5.0,48.35,-133.94
46037,5.0,48.3,-133.8
46038,5.0,41.9,-124.4
46039,5.0,48.2,-123.4
46040,5.0,44.8,-124.3
46041,5.0,47.353,-124.742
46042,5.0,36.785,-122.398
46043,5.0,46.9,-124.2
46044,5.0,36.7,-122.378
46045,5.0,33.84,-118.45
46047,5.0,32.398,-119.498
46048,5.0,32.9,-117.9
46050,4.0,44.677,-124.515
46051,4.0,34.48,-120.69
46053,4.0,34.252,-119.853
46054,4.0,34.265,-120.477
46059,4.0,38.072,-129.966
46061,5.0,60.23,-146.843
46062,10.0,35.101,-121.01
46063,5.0,34.273,-120.699
46066,5.0,52.785,-155.047
46069,5.0,33.674,-120.212
46070,5.0,55.082,175.153
46071,5.0,51.125,179.012
46072,5.0,51.656,-172.058
46073,5.0,55.031,-172.001
46075,5.0,53.983,-160.817
46076,5.0,59.502,-147.99
46077,5.0,57.91,-154.175
46078,5.0,55.556,-152.582
46079,5.0,59.05,-152.23
46080,5.0,57.947,-150.042
46081,5.0,60.799,-148.263
46082,5.0,59.681,-143.372
46083,5.0,58.3,-137.997
46084,5.0,56.6,-136.101
46085,5.0,55.868,-142.492
46086,5.0,32.491,-118.035
46087,5.0,48.493,-124.726
46088,5.0,48.334,-123.165
46089,5.0,45.925,-125.771
46090,3.2,32.876,-120.718
46091,4.0,36.835,-121.899
46092,4.0,36.75,-122.03
46093,4.0,36.69,-122.41
46094,3.0,44.642,-124.3
46097,4.5,44.639,-124.304
46099,4.5,46.986,-124.566
46100,4.5,46.851,-124.972
46105,4.5,59.049,-152.233
46106,4.5,59.76,-152.09
46107,4.5,59.925,-147.992
46108,4.5,59.597,-151.829
46109,2.1336,48.123,-123.395
46110,2.1336,48.115,-123.032
46111,2.74321,48.131,-122.748
46112,2.74321,48.1,-122.73
46113,1.524,47.73,-122.646
46114,1.524,36.723,-122.351
46115,1.524,57.069,-177.75
46118,2.97,48.724,-122.576
46119,3.7,47.967,-124.95
46120,2.1,47.761,-122.397
46121,2.1,47.28,-122.728
46122,2.1,47.803,-122.803
46123,2.1,47.375,-123.008
46124,2.1,47.422,-123.113
46125,2.1,47.907,-122.627
46126,2.1,53.951,-166.602
46128,3.0,43.295,-124.537
46131,5.0,49.91,-124.99
46132,5.0,49.74,-127.93
46134,5.0,48.65,-123.5
46138,5.0,52.437,-129.795
46139,5.0,48.844,-126.01
46145,5.0,54.37,-132.44
46146,5.0,49.34,-123.73
46147,5.0,51.83,-131.22
46181,5.0,53.83,-128.83
46183,5.0,53.62,-131.1
46184,5.0,53.91,-138.85
46185,5.0,52.42,-129.79
46204,5.0,51.38,-128.77
46205,5.0,54.19,-134.32
46207,5.0,50.87,-129.92
46208,5.0,52.52,-132.69
46211,5.0,46.858,-124.244
46212,5.0,40.753,-124.313
46213,5.0,40.295,-124.732
46214,5.0,37.948,-123.468
46215,5.0,35.204,-120.859
46216,5.0,34.333,-119.803
46217,5.0,34.167,-119.435
46218,5.0,34.454,-120.783
46219,5.0,33.225,-119.882
46220,5.0,33.897,-118.446
46221,5.0,33.855,-118.634
46222,5.0,33.618,-118.317
46223,5.0,33.458,-117.767
46224,5.0,33.178,-117.472
46225,5.0,32.933,-117.391
46226,5.0,32.848,-117.353
46227,5.0,32.632,-117.444
46228,5.0,34.317,-119.417
46229,5.0,43.769,-124.547
46230,5.0,33.623,-118.012
46231,5.0,32.747,-117.37
46232,5.0,32.53,-117.421
46233,3.0,32.936,-117.32
46234,3.0,34.1,-119.168
46235,3.0,32.572,-117.167
46236,3.0,36.76,-121.949
46237,3.0,37.786,-122.634
46238,3.0,33.76,-119.55
46239,3.0,36.341,-122.102
46240,3.0,36.626,-121.907
46241,3.0,33.003,-117.292
46242,3.0,33.22,-117.439
46243,3.0,46.216,-124.128
46244,3.0,40.896,-124.357
46245,3.0,34.251,-119.308
46246,3.0,50.033,-145.2
46247,3.0,37.753,-122.833
46248,3.0,46.134,-124.64
46249,3.0,33.821,-119.708
46250,3.0,34.034,-119.09
46251,3.0,33.76,-119.55
46252,3.0,33.953,-119.257
46253,3.0,33.576,-118.181
46254,3.0,32.868,-117.267
46255,3.0,33.4,-119.651
46256,3.0,33.7,-118.201
46257,3.0,34.439,-120.766
46258,3.0,32.75,-117.5
46259,3.0,34.732,-121.664
46260,3.0,43.586,-124.29
46261,3.0,43.76,-124.225
46262,3.0,33.704,-119.004
46263,3.0,39.368,-123.91
46264,3.0,57.479,-151.695
46270,3.0,55.003,175.284
46290,3.0,32.659,-120.63
46401,3.0,46.638,-170.79
46402,3.0,51.02,-164.071
46403,3.0,52.665,-156.947
46404,3.0,45.853,-128.733
46405,3.0,42.903,-130.909
46406,3.0,-8.491,-125.022
46407,3.0,42.682,-128.832
46408,3.0,49.662,-169.9
46409,3.0,55.293,-148.509
46410,3.0,57.65,-143.798
46411,3.0,39.333,-127.067
46412,3.0,32.492,-120.563
46413,3.0,48.0,-174.228
46419,3.0,48.796,-129.619
46490,3.0,32.455,-120.557
48011,3.0,67.582,-164.185
48012,3.0,70.025,-166.071
48021,3.0,70.35,-133.0
48114,3.0,65.011,-169.454
48211,3.0,70.37,-146.04
48212,3.0,70.874,-150.279
48213,3.0,71.502,-164.133
48214,3.0,70.872,-165.248
48215,3.0,71.502,-164.133
48216,3.0,71.758,-167.952
48400,4.0,50.055,-144.873
51000,5.0,23.538,-153.808
51001,4.0,24.417,-162.1
51002,4.0,17.037,-157.696
51003,5.0,19.289,-160.569
51004,4.0,17.602,-152.395
51005,4.0,20.4,-156.1
51026,4.0,21.35,-156.93
51027,4.0,20.4,-157.1
51028,5.0,0.0,-153.913
51100,5.0,23.558,-153.9
51101,5.0,24.318,-162.231
51200,5.0,21.096,-158.303
51201,5.0,21.671,-158.117
51202,5.0,21.415,-157.678
51203,5.0,20.788,-157.01
51204,5.0,21.281,-158.124
51205,5.0,21.018,-156.425
51206,5.0,19.78,-154.97
51207,5.0,21.477,-157.753
51208,5.0,22.285,-159.574
51209,5.0,-14.264,-170.493
51210,5.0,21.477,-157.756
51211,5.0,21.297,-157.959
51406,5.0,-8.48,-125.027
51407,5.0,19.57,-156.545
51425,5.0,-9.517,-176.32
51426,5.0,-23.11,-168.385
51wh0,2.66,22.667,-157.951
52009,2.66,13.729,-144.668
52200,2.66,13.354,144.788
52201,2.66,7.083,171.392
52202,2.66,13.684,144.812
52211,2.66,15.268,145.662
52212,2.66,7.63,134.667
52401,2.66,19.261,155.754
52402,2.66,11.929,153.909
52403,2.66,4.02,145.52
52404,2.66,20.691,132.164
52405,2.66,12.985,132.184
52406,2.66,-5.307,164.977
53046,2.66,-11.445,113.607
53401,2.66,0.05,91.899
54401,2.66,-33.109,-173.155
55012,2.66,-15.664,158.453
55013,2.66,-46.665,161.001
55015,2.66,-46.83,160.256
55016,2.66,-26.0,176.0
55023,2.66,-14.715,153.537
55039,2.66,-38.36,148.11
55042,2.66,-44.898,161.841
55401,2.66,-46.922,160.562
56001,2.66,-14.016,109.944
56003,2.66,-15.023,117.942
61001,2.66,43.4,7.8
61002,2.66,42.102,4.703
62001,3.0,45.23,-5.0
62027,3.5,49.082,-2.218
62028,3.5,50.59,-2.3
62029,3.0,48.72,-12.43
62030,3.0,50.25,-4.217
62050,3.0,50.0,-4.4
62052,3.0,48.5,-5.6
62081,3.0,51.0,-13.55
62090,4.5,53.127,-11.2
62091,4.5,53.469,-5.418
62092,4.5,51.13,-10.33
62093,4.5,55.0,-10.0
62094,4.5,51.41,-6.42
62095,4.5,53.04,-15.53
62103,14.0,49.9,-2.9
62105,3.0,55.42,-12.57
62107,14.0,50.102,-6.1
62108,3.0,53.5,-19.5
62114,3.0,58.3,0.0
62121,3.0,53.5,2.7
62124,3.0,53.6,-3.6
62125,3.0,53.8,-3.5
62126,3.0,53.9,-3.6
62127,3.0,54.0,0.7
62130,3.0,58.7,1.3
62135,3.0,54.2,1.6
62142,3.0,53.0,2.101
62144,3.0,53.4,1.7
62145,3.0,53.102,2.8
62146,3.0,57.2,2.1
62147,3.0,55.7,4.7
62148,3.0,53.6,1.5
62149,3.0,53.7,1.1
62150,3.0,53.6,0.7
62163,3.0,47.55,-8.47
62164,3.0,57.2,0.8
62165,3.0,54.0,1.1
62166,3.0,53.0,2.5
62170,3.0,51.24,2.0
62298,3.0,49.4,-8.6
62301,3.0,52.22,-4.42
62303,3.0,51.602,-5.1
62304,14.0,51.102,1.8
62305,14.0,50.4,0.0
62442,14.0,49.0,-16.5
63105,14.0,61.0,1.692
63110,14.0,59.5,1.5
63112,14.0,61.1,1.0
63113,14.0,61.0,1.708
63115,14.0,61.6,1.3
63117,14.0,61.4,1.1
64045,3.0,59.07,-11.42
64046,3.0,60.483,-4.167
91204,3.0,9.9,139.7
91222,3.0,18.13,145.77
91251,3.0,11.43,162.35
91328,3.0,8.6,149.67
91338,3.0,5.28,153.65
91343,3.0,7.63,155.16
91352,3.0,6.21,160.7
91355,3.0,5.36,162.96
91356,3.0,5.36,162.96
91365,3.0,8.93,165.75
91374,3.0,8.7,171.2
91377,3.0,6.1,172.1
91411,3.0,8.3,137.5
91442,3.0,4.6,168.7
aamc1,6.9,37.772,-122.3
aban6,11.0,44.333,-75.933
acfs1,11.0,32.636,-80.366
acmn4,15.0,39.38,-74.42
acqs1,15.0,32.523,-80.357
acxs1,4.57,32.559,-80.454
acyn4,4.57,39.357,-74.418
adka2,7.0,51.861,-176.637
agcm4,7.0,42.621,-82.527
agmw3,9.0,44.608,-87.433
agxc1,20.0,33.716,-118.246
alia2,10.3,56.898,-154.247
alrf1,47.5,24.9,-80.6
alsn6,29.0,40.45,-73.8
alxn6,29.0,44.331,-75.934
amaa2,15.7,58.915,-151.952
amrl1,11.0,29.45,-91.338
ancf1,11.0,28.193,-82.789
anmf1,10.8,27.538,-82.739
anmn6,11.89,42.018,-73.917
anpt2,3.96,27.837,-97.039
anrn6,3.96,42.027,-73.926
anta2,6.9,61.238,-149.89
anvc1,7.6,38.915,-123.711
apam2,7.6,38.983,-76.479
apcf1,7.0,29.724,-84.98
apnm4,18.0,45.06,-83.424
apqf1,18.0,29.786,-84.875
aprp7,8.4,13.444,144.657
apxf1,5.0,29.791,-84.883
arop4,6.4,18.48,-66.702
arpf1,11.3,28.433,-82.667
asto3,6.9,46.207,-123.768
atgm1,8.6,44.392,-68.204
atka2,8.5,52.232,-174.173
audp4,8.5,18.457,-67.165
auga2,6.6,59.378,-153.348
avan4,10.0,39.09,-74.72
awrt2,10.0,28.227,-96.796
babt2,10.0,27.297,-97.405
bara9,9.7,17.591,-61.821
barn6,10.0,42.345,-79.595
batn6,10.0,40.701,-74.014
baxc1,62.4,33.766,-118.24
bdrn4,7.5,40.082,-74.87
bdsp1,1.56,39.98,-75.079
bdvf1,1.56,25.478,-80.989
bdxc1,1.56,38.317,-123.071
bepb6,4.6,32.374,-64.701
bftn7,7.0,34.717,-76.671
bgcf1,19.1,26.404,-81.881
bgnn4,9.0,40.639,-74.146
bgxn3,6.1,43.059,-70.83
bhbm3,6.1,42.355,-71.05
bhrc3,16.0,41.175,-73.185
bhri3,10.0,41.646,-87.147
bigm4,10.0,46.827,-87.727
bism2,7.1,38.22,-76.039
bkbf1,9.7,30.192,-81.692
bktl1,9.7,30.19,-93.301
bkyf1,9.7,25.119,-80.834
blia2,21.6,60.839,-146.884
blif1,8.5,30.393,-81.523
blta2,9.1,58.455,-135.889
bltm2,7.0,39.267,-76.579
bltm3,16.2,41.704,-71.174
bnkf1,16.2,25.087,-80.519
bobf1,16.2,25.027,-80.681
bphf1,16.2,27.608,-82.571
brbn4,10.0,39.61,-74.2
brhc3,7.6,41.174,-73.181
brim2,7.6,38.781,-76.714
brnd1,21.1,38.987,-75.113
bsbm4,10.0,44.055,-86.514
bsca1,7.01,30.329,-87.829
bskf1,7.01,25.266,-81.162
bslm2,5.4,38.781,-76.708
bthd1,5.4,38.537,-75.046
bufn6,8.5,42.878,-78.89
burl1,38.0,28.905,-89.428
busl1,38.0,27.883,-90.9
buzm3,24.8,41.397,-71.033
bvqw1,24.8,48.496,-122.501
bwsf1,24.8,25.178,-80.438
bygl1,30.8,29.789,-90.42
bzbm3,30.8,41.524,-70.671
bzst2,4.25,26.067,-97.155
c58w3,4.25,44.146,-87.563
camf1,4.25,27.765,-82.649
camm2,6.4,38.574,-76.069
canf1,6.4,25.422,-80.942
capl1,12.3,29.768,-93.343
carl1,12.3,29.933,-90.135
caro3,14.9,43.342,-124.375
casm1,14.9,43.656,-70.246
cbbv2,6.1,36.967,-76.114
cbim2,6.1,38.317,-76.451
cblo1,12.0,41.981,-80.556
cbrw3,10.0,45.198,-87.36
ccuf1,10.0,27.663,-82.618
cdea2,10.0,56.001,-134.136
cdrf1,10.0,29.136,-83.029
cecc1,8.6,41.746,-124.184
cfwm1,8.5,44.657,-67.205
cgcl1,8.5,28.791,-89.056
chao3,8.4,43.351,-124.337
chav3,6.5,18.335,-64.92
chbv2,4.6,37.032,-76.083
chcm2,6.8,39.527,-75.81
chds1,2.1,33.661,-82.199
chii2,25.9,41.916,-87.572
chlv2,43.3,36.905,-75.713
chno3,3.0,43.345,-124.329
chqo3,3.0,43.282,-124.32
chsv3,7.1,17.748,-64.699
chts1,8.8,32.781,-79.924
chyv2,27.9,36.926,-76.007
chyw1,7.0,48.863,-122.759
clbf1,11.2,27.736,-82.692
clbp4,11.2,18.301,-65.302
clkn7,9.8,34.622,-76.525
cllt2,10.7,29.563,-95.067
clsm4,10.0,42.471,-82.877
cman4,9.7,38.968,-74.96
cmti2,10.3,41.73,-87.538
cnbf1,10.3,25.702,-81.186
cndo1,7.8,41.542,-81.637
cnii2,10.0,41.856,-87.609
covm2,10.0,38.402,-76.385
cpmw1,7.0,48.86,-122.756
cpnt2,7.0,28.114,-97.024
cptr1,20.7,41.717,-71.345
cpvm2,20.7,38.995,-76.388
cquc1,20.7,38.066,-122.23
crta1,12.23,30.308,-88.14
crva2,8.4,60.558,-145.752
cryv2,8.6,36.888,-76.338
csbf1,9.8,29.672,-85.357
cspa2,10.0,58.199,-136.64
ctgm1,8.5,44.642,-67.297
cvqv2,8.5,37.571,-76.884
cwaf1,8.5,25.297,-81.013
cwbf1,6.7,27.978,-82.832
cwcii,6.7,47.334,-85.833
cwqo3,6.7,43.338,-124.321
cygm4,17.0,45.658,-84.464
dbln6,20.4,42.494,-79.354
dbqs1,20.4,33.36,-79.167
deld1,7.2,39.582,-75.589
deqd1,7.2,39.114,-75.499
desw1,31.4,47.675,-124.485
disw3,25.3,47.079,-90.728
dkcm6,8.4,30.356,-88.567
dkkf1,8.4,25.18,-80.49
dmsf1,8.4,30.387,-81.559
domv2,8.4,36.962,-76.424
dpha1,9.68,30.251,-88.078
dpia1,13.5,30.25,-88.075
dpxc1,7.6,38.056,-122.264
drfa2,6.6,60.553,-152.137
drsd1,4.5,39.089,-75.437
dryf1,5.7,24.638,-82.862
dsln7,46.6,35.153,-75.297
dtlm4,11.7,45.993,-83.898
ducn7,20.4,36.184,-75.745
dukn7,8.6,36.184,-75.746
dulm5,13.2,46.776,-92.092
eb01i,13.2,36.5,-73.5
eb10i,13.2,27.5,-88.0
eb31i,13.2,27.0,-86.0
eb32i,13.2,27.0,-84.3
eb33i,13.2,58.5,-141.0
eb35i,13.2,55.3,-157.0
eb36i,13.2,26.0,-84.8
eb43i,13.2,59.8,-142.0
ebsw1,15.8,47.602,-122.338
egkf1,10.0,27.601,-82.759
einl1,4.0,29.373,-91.384
elfa2,4.0,58.193,-136.347
elqc1,4.0,36.818,-121.739
elxc1,3.66,36.815,-121.738
emat2,8.2,28.71,-95.914
eptt2,5.7,29.481,-94.917
erep1,10.7,42.172,-80.098
erkc1,10.7,40.778,-124.196
eroa2,6.1,58.971,-135.221
ertf1,12.2,27.92,-82.442
espp4,8.5,18.094,-65.471
evmc1,8.5,36.811,-121.779
faio1,20.9,41.764,-81.281
fbps1,20.9,32.652,-79.938
fcgt2,8.0,28.943,-95.302
fffc1,8.0,38.195,-122.033
fgbl1,11.6,28.118,-93.67
fhpf1,10.0,28.153,-82.801
fmoa1,36.2,30.228,-88.024
fmrf1,6.9,26.647,-81.871
foxr1,18.2,41.807,-71.401
fpkg1,6.5,32.035,-80.903
fptm4,10.0,45.619,-86.66
fptt2,10.0,28.948,-95.308
fpxc1,10.0,37.807,-122.466
frcb6,10.0,32.37,-64.695
frdf1,6.6,30.675,-81.465
frdp4,6.4,18.335,-65.631
frdw1,8.5,48.545,-123.012
frel1,10.0,30.106,-90.422
frfn7,10.0,36.189,-75.739
frkf1,10.0,27.591,-82.552
frps1,10.0,32.34,-80.46
frvm3,10.0,41.704,-71.164
frwl1,17.4,29.552,-92.305
frxm3,17.4,41.696,-71.18
fskm2,6.6,39.219,-76.528
fsnm2,42.0,39.219,-76.525
fsti2,42.0,41.976,-87.648
ftgm4,27.2,43.007,-82.422
ftpc1,7.3,37.806,-122.466
fwic3,16.0,41.15,-73.172
gbif1,16.0,25.378,-81.029
gblw3,25.0,44.653,-87.901
gbqn3,25.0,43.134,-70.911
gbtf1,25.0,25.167,-80.801
gcvf1,8.5,29.982,-81.634
gdiv2,4.0,37.222,-76.404
gdmm5,4.0,47.749,-90.341
gdqm6,4.0,30.357,-88.463
gdwv2,4.0,37.216,-76.393
gdxm6,4.5,30.359,-88.42
gelo1,8.0,41.859,-80.975
gggc1,8.0,38.016,-122.509
gisl1,6.6,29.265,-89.958
gkyf1,6.6,24.627,-82.872
glpt2,6.6,29.3,-94.794
gnjt2,12.1,29.357,-94.725
gom01,1.0,24.899,-83.868
gpom6,13.7,30.23,-88.982
gpst2,7.0,29.285,-94.788
grbl1,10.0,29.101,-89.978
grim4,11.0,46.721,-87.412
grmm4,9.0,46.684,-85.972
grrt2,10.7,29.302,-94.896
gslm4,25.0,44.018,-83.537
gtbm4,9.0,44.767,-85.607
gtlm4,16.0,45.211,-85.55
gtot2,16.0,29.311,-94.792
gtqf1,16.0,29.667,-81.257
gtrm4,10.0,47.179,-88.241
gtxf1,3.1,29.658,-81.233
gwpm6,13.8,30.348,-89.087
hbxc1,13.8,40.777,-124.197
hbyc1,13.6,40.767,-124.217
hcef1,13.6,25.254,-80.444
hcgn7,7.6,35.209,-75.704
hhlo1,10.0,41.401,-82.545
hist2,10.0,29.595,-94.39
hlnm4,10.4,42.773,-86.213
hmdo3,10.4,46.204,-123.951
hmra2,5.0,59.601,-151.41
hmsa2,4.0,59.602,-151.417
hplm2,4.0,38.59,-76.133
hrbm4,8.3,43.846,-82.643
href1,8.3,25.424,-81.06
hrvc1,8.3,34.469,-120.682
hssf1,6.6,28.772,-82.707
huqn6,6.6,42.036,-73.925
icac1,13.6,34.008,-118.5
icya2,4.0,59.927,-141.359
iiwc1,22.3,32.714,-117.177
ildl1,10.0,29.053,-90.533
iloh1,15.8,19.73,-155.056
iosn3,19.2,42.967,-70.623
irdt2,3.3,27.48,-97.322
itka2,3.3,57.052,-135.342
jaki2,3.3,41.781,-87.573
jcqn4,3.3,39.548,-74.461
jcrn4,12.5,39.535,-74.464
jctn4,12.5,39.508,-74.338
jkyf1,12.5,25.053,-80.904
jmla2,18.3,58.286,-134.39
jmpn7,8.0,34.213,-77.786
jnea2,8.5,58.298,-134.411
jobp4,8.5,17.944,-66.238
joqp4,8.5,17.93,-66.211
joxp4,9.75,17.956,-66.223
jprn7,9.75,35.912,-75.587
jxuf1,9.75,30.354,-81.612
kata1,15.65,30.258,-88.213
kcha2,24.7,59.602,-151.409
kdaa2,8.5,57.731,-152.511
keca2,8.2,55.331,-131.625
kgca2,6.9,55.062,-162.327
kgnai,110.0,47.745,-90.346
klih1,6.9,20.895,-156.469
knoh1,26.2,21.288,-157.865
knsw3,20.0,42.589,-87.809
kp53i,20.0,46.417,-86.65
kp58i,20.0,44.017,-82.8
kp59i,20.0,47.467,-87.883
kptn6,8.6,40.811,-73.765
kptv2,7.2,37.165,-75.988
kwhh1,8.2,20.037,-155.829
kwjp8,8.0,8.732,167.734
kwnw3,9.3,44.465,-87.496
kywf1,15.0,24.556,-81.808
labl1,9.1,30.05,-90.368
lamv3,9.1,18.318,-64.724
lapw1,7.7,47.913,-124.637
lbrf1,7.7,25.484,-81.133
lbsf1,7.7,25.214,-80.432
lciy2,5.9,19.699,-80.06
lcll1,5.9,30.224,-93.222
lcna2,7.5,56.058,-132.69
ldlc3,20.0,41.306,-72.077
ldtm4,7.7,43.947,-86.441
ljac1,8.2,32.867,-117.257
ljpc1,20.2,32.867,-117.257
lkpl1,13.0,30.315,-90.281
lkwf1,6.0,26.613,-80.034
lmbv4,6.0,19.594,-96.379
lmdf1,6.0,25.176,-80.633
lmfs1,9.0,34.107,-81.271
lmrf1,9.0,25.556,-81.169
lmss1,9.0,33.552,-80.501
lndc1,7.6,37.795,-122.281
lopl1,57.9,28.885,-90.025
lopw1,8.8,46.106,-122.954
loro1,2.4,41.481,-82.195
lpnm4,9.2,45.063,-83.429
lprp4,6.5,17.939,-67.052
lpwa2,6.5,56.388,-134.637
lrif1,6.5,25.284,-80.894
lrkf1,6.5,24.982,-80.826
lscm4,6.5,42.465,-82.755
lsnf1,6.5,25.235,-80.457
ltbv3,6.6,17.695,-64.754
ltjf1,6.6,30.379,-81.446
ltqm2,6.6,39.451,-76.275
ltrm4,10.1,46.486,-84.302
luit2,10.1,29.076,-95.122
luml1,13.2,29.255,-90.664
lwsd1,9.5,38.783,-75.119
lwtv2,6.4,37.995,-76.465
lybt2,6.4,29.765,-95.079
macm4,10.4,45.777,-84.721
maqt2,10.4,27.98,-97.029
maxt2,4.0,28.132,-97.034
mbet2,12.0,28.422,-96.327
mbla1,14.2,30.437,-88.011
mbpa1,14.2,30.527,-88.086
mbrm4,14.2,42.975,-82.419
mcga1,7.0,30.649,-88.058
mcgm4,8.6,46.546,-87.379
mcyf1,8.6,27.914,-82.425
mcyi3,21.3,41.729,-86.912
mdrm1,22.6,43.969,-68.128
meem4,10.0,44.248,-86.346
meyc1,8.5,36.605,-121.889
mgip4,6.6,17.97,-67.046
mgpt2,3.2,29.682,-94.985
mgzp4,8.4,18.218,-67.159
mhpa1,8.5,30.667,-87.936
mhrn6,46.0,40.641,-74.162
misc3,16.0,41.074,-73.134
mism1,22.9,43.784,-68.855
misn6,16.0,41.049,-73.121
misp4,16.0,18.09,-67.939
mist2,5.6,27.838,-97.05
mkgm4,24.4,43.227,-86.339
mlsc1,10.4,36.802,-121.791
mlto3,7.0,46.214,-123.62
mlww3,12.2,43.045,-87.88
mnmm4,10.5,45.096,-87.59
mnpv2,5.8,36.778,-76.302
mokh1,10.0,21.433,-157.79
mqtt2,7.9,27.581,-97.217
mrcp1,7.9,39.809,-75.415
mrho1,9.5,41.544,-82.731
mrna2,4.0,58.198,-134.257
mros1,6.9,33.656,-78.916
mrsl1,20.0,29.441,-92.061
mrya2,4.0,55.099,-131.182
msg10,1.0,28.184,-83.956
msg12,1.0,26.006,-83.991
msg14,1.0,27.487,-83.987
mtbf1,6.7,27.661,-82.594
mtkn6,6.7,41.048,-71.959
mtyc1,8.5,36.605,-121.889
mukf1,8.5,25.106,-80.942
mypf1,5.7,30.398,-81.428
myxc1,5.7,36.605,-121.889
mzxc1,6.4,38.035,-122.125
nabm4,10.0,46.087,-85.444
naqr1,10.0,41.578,-71.321
naxr1,10.0,41.637,-71.339
nbba3,3.0,36.087,-114.728
nblp1,6.4,40.137,-74.752
ncdv2,8.31,38.32,-77.037
ncht2,8.31,29.726,-95.266
ncsc3,16.0,41.099,-73.147
neaw1,16.0,48.367,-124.614
nfbf1,5.5,25.084,-81.096
nfdf1,8.6,30.4,-81.627
nglt2,10.7,27.822,-97.204
nian6,10.7,43.077,-79.014
niqs1,10.7,33.349,-79.189
niws1,4.6,33.349,-79.189
nkla2,4.6,52.972,-168.855
nkta2,12.4,60.683,-151.399
nlma3,3.0,35.458,-114.666
nlnc3,8.2,41.361,-72.09
nmta2,7.4,64.5,-165.43
noqn7,7.4,34.156,-77.85
nosc3,16.0,41.125,-73.159
noxn7,3.68,34.155,-77.851
npdw3,10.0,45.291,-86.977
npsf1,6.5,26.132,-81.807
nrrf1,6.5,25.338,-80.911
nstp6,10.7,-14.28,-170.688
ntbc1,13.2,34.405,-119.692
ntkm3,8.5,41.285,-70.096
nuet2,8.5,27.832,-97.486
nwcl1,9.9,30.027,-90.113
nwhc3,6.7,41.283,-72.908
nwpr1,8.4,41.504,-71.326
nwst2,8.4,27.75,-96.768
nwwh1,7.1,21.954,-159.353
obgn6,7.1,44.702,-75.494
obla1,7.1,30.705,-88.04
obxc1,7.1,37.804,-122.341
ocgn4,7.0,40.209,-74.004
ocim2,8.5,38.328,-75.091
ocpn7,12.2,33.911,-78.147
ocsm2,12.2,38.338,-75.07
ofpn6,16.0,40.973,-73.083
oksi2,16.0,41.912,-87.624
olcn6,10.0,43.341,-78.719
otnm4,10.0,46.87,-89.33
owqo1,10.0,41.382,-82.514
owxo1,10.0,41.378,-82.508
pact2,10.7,27.634,-97.237
pbfw1,3.0,48.464,-122.469
pblw1,3.0,48.556,-122.53
pbpa2,6.7,58.203,-134.148
pcgt2,6.7,26.072,-97.167
pclm4,10.0,47.276,-88.528
pcnt2,9.0,28.446,-96.396
pkbw3,2.7,46.672,-92.136
pkyf1,2.7,24.918,-80.747
plsp4,6.4,17.973,-66.762
pmnt2,6.4,26.559,-97.424
pngw3,10.0,46.792,-91.386
port2,10.7,29.867,-93.931
ppta1,12.23,30.279,-87.556
prim4,34.0,45.357,-83.492
prta2,6.1,58.411,-134.955
pscm4,10.0,43.42,-82.54
psxc1,36.6,33.768,-118.226
ptaw1,12.2,48.125,-123.441
ptbm6,4.6,30.213,-88.505
ptcr1,8.8,41.638,-71.34
ptgc1,9.4,34.577,-120.648
ptim4,8.9,46.485,-84.631
ptit2,8.4,26.061,-97.215
ptjn6,16.0,40.948,-73.07
ptla2,4.0,58.346,-134.752
ptoa1,4.0,30.671,-88.031
ptrf1,10.1,28.285,-82.733
ptww1,8.9,48.111,-122.76
pvdr1,7.26,41.786,-71.383
pvgf1,3.5,26.092,-80.109
pwaw3,10.0,43.388,-87.867
pxac1,27.4,33.764,-118.265
pxoc1,16.2,37.798,-122.393
pxsc1,16.2,37.803,-122.397
qptr1,7.0,41.586,-71.407
rarm6,22.9,30.343,-88.511
rckm4,8.2,46.264,-84.191
rcmc1,7.1,37.923,-122.41
rcpt2,6.1,28.024,-97.048
rcrn6,6.1,43.269,-77.626
rcyf1,6.1,29.8,-81.55
rdda2,12.7,67.575,-164.067
rdyd1,12.7,39.558,-75.572
rkqf1,12.7,26.027,-81.734
rkxf1,18.4,26.05,-81.701
rlit2,18.4,26.262,-97.285
rlot2,10.7,29.515,-94.513
roam4,46.9,47.867,-89.313
robn4,21.0,40.657,-74.065
rplv2,16.9,37.538,-76.014
rprn6,10.0,43.263,-77.598
rsjt2,10.0,26.801,-97.471
rtat2,10.7,27.84,-97.072
rtot2,20.0,27.753,-96.967
rtyc1,7.6,37.507,-122.212
ryec1,7.6,38.184,-122.014
sacv4,9.0,19.174,-96.093
sanf1,14.6,24.456,-81.877
sapf1,7.2,27.761,-82.627
saqg1,7.2,31.418,-81.296
sauf1,7.6,29.857,-81.265
saxg1,10.0,31.418,-81.296
sbbn2,3.0,36.05,-114.748
sbeo3,9.0,44.625,-124.045
sbio1,21.0,41.629,-82.841
sblf1,21.0,27.923,-82.445
sblm4,13.0,43.81,-83.72
sbpt2,5.8,29.728,-93.87
scis1,5.8,32.857,-79.707
scld1,5.8,39.085,-75.461
scqc1,5.8,38.001,-122.46
scqn6,5.8,42.046,-73.911
scsn6,16.0,41.024,-73.108
sdbc1,16.0,32.714,-117.174
sdhn4,5.5,40.467,-74.009
sdia2,3.1,58.277,-134.389
sdrt2,10.1,28.407,-96.712
secg1,35.0,30.8,-80.316
seqa2,35.0,59.441,-151.721
sfxc1,7.5,38.2,-122.026
sgnt2,7.5,28.771,-95.617
sgnw3,19.2,43.749,-87.693
sgof1,35.1,29.408,-84.858
sgrn4,10.0,40.12,-74.03
shbl1,15.6,29.868,-89.673
shpf1,5.7,30.058,-84.291
sipf1,1.0,27.862,-80.445
sipm6,11.0,30.267,-89.017
sisa2,10.0,58.177,-135.259
sisw1,17.1,48.318,-122.843
sjlf1,17.1,30.4,-81.4
sjnp4,5.7,18.459,-66.116
sjom4,10.0,42.098,-86.494
sjsn4,14.8,39.305,-75.377
skta2,50.0,59.45,-135.327
slim2,50.0,38.321,-76.452
slmn2,3.0,35.389,-114.621
sloo3,3.0,43.296,-124.311
slpl1,7.2,29.517,-91.55
slvm5,10.0,47.278,-91.27
sm058,10.0,59.923,-39.528
smbs1,10.0,33.655,-78.918
smkf1,48.5,24.628,-81.111
smoc1,48.5,34.008,-118.5
snda2,6.9,55.336,-160.502
sndp5,6.9,28.215,-177.361
soqo3,6.9,43.317,-124.322
sosn6,16.0,40.998,-73.095
spgf1,6.6,26.704,-78.995
spll1,10.0,28.867,-90.483
sptm4,13.0,44.713,-83.273
srbv3,6.5,17.784,-64.762
sref1,6.5,25.352,-81.1
srlm4,30.0,45.773,-84.137
srst2,9.1,29.683,-94.033
ssbn7,9.1,33.841,-78.482
stdm4,35.2,47.184,-87.225
supn6,11.6,44.467,-75.8
svls1,11.6,31.95,-80.68
svnm4,16.8,42.401,-86.288
swla2,16.8,60.12,-149.427
swpm4,9.4,46.501,-84.372
swpv2,9.4,36.943,-76.329
sxhw3,10.0,46.563,-90.437
syww3,3.0,45.202,-87.121
taml1,10.0,29.188,-90.665
taqt2,10.0,27.815,-97.389
tarf1,7.0,28.156,-82.758
tawm4,10.0,44.254,-83.449
tbim4,10.7,45.035,-83.194
tcbm2,6.7,39.213,-76.244
tcmw1,6.8,47.276,-122.418
tcnw1,6.8,47.267,-122.413
tcvf1,6.8,25.213,-80.533
tdpc1,6.8,41.055,-124.147
tesl1,12.5,29.668,-91.237
tfblk,12.5,65.698,-24.778
thin6,0.0,44.3,-75.983
thlo1,14.9,41.826,-83.194
thro1,26.2,41.694,-83.473
tibc1,10.0,37.892,-122.447
tiqc1,10.0,32.568,-117.131
tixc1,3.5,32.575,-117.127
tkea2,3.0,57.779,-135.219
tlbo3,17.9,45.555,-123.919
tnso3,17.9,46.238,-123.468
tokw1,8.1,46.707,-123.967
tpaf1,22.9,27.933,-82.433
tpbn4,22.9,40.012,-75.043
tpef1,22.9,25.41,-80.964
tplm2,18.0,38.899,-76.436
trbl1,13.9,29.187,-90.608
trdf1,6.7,28.416,-80.593
trrf1,6.7,25.217,-80.65
tshf1,11.3,27.929,-82.426
ttiw1,25.3,48.392,-124.735
txpt2,12.5,29.689,-93.842
ulam6,34.0,30.348,-88.505
ulra2,9.74,63.872,-160.784
unla2,11.0,53.88,-166.537
upbc1,100.0,38.038,-122.121
vakf1,10.2,25.731,-80.162
vbba3,3.0,36.132,-114.412
vcaf1,6.5,24.711,-81.107
vcat2,6.5,28.64,-96.609
vcva2,8.5,57.125,-170.285
vdza2,8.6,61.125,-146.361
venf1,11.6,27.072,-82.453
verv4,9.1,19.204,-96.113
vmsv2,5.0,37.246,-76.5
vqsp4,6.4,18.153,-65.444
wahv2,7.0,37.608,-75.686
wakp8,6.2,19.291,166.618
waqm3,6.2,41.552,-70.549
wasd2,9.0,38.873,-77.021
wats1,3.1,34.335,-80.702
wavm6,3.1,30.282,-89.367
waxm3,10.0,41.582,-70.525
wbya1,10.0,30.417,-87.825
wdel1,41.0,28.662,-89.551
wdsv2,41.0,36.977,-76.315
wdyo3,41.0,46.252,-123.534
webm1,41.0,43.32,-70.563
welm1,7.2,43.32,-70.563
weqm1,7.2,43.345,-70.549
wexm1,10.06,43.337,-70.549
wfpm4,16.76,46.76,-84.97
whri2,9.0,42.361,-87.813
wiwf1,9.0,25.587,-81.044
wkqa1,9.0,30.417,-87.823
wkxa1,7.6,30.421,-87.828
wlon7,7.6,34.228,-77.954
wndv2,7.6,37.615,-76.29
wnem4,11.8,46.285,-84.21
wplf1,11.8,25.71,-81.249
wpow1,9.8,47.662,-122.436
wptw1,26.8,46.904,-124.105
wrbf1,26.8,25.072,-80.735
wslm4,43.0,45.842,-85.135
wwef1,43.0,25.232,-80.938
wycm6,9.9,30.326,-89.326
yabp4,6.4,18.055,-65.833
yata2,6.4,59.548,-139.733
ygnn6,10.0,43.262,-79.064
ykrv2,10.0,37.251,-76.342
yktv2,9.6,37.227,-76.479
yrsv2,3.5,37.414,-76.712
zbqn7,3.5,33.955,-77.935
cpxc1,4.0,35.17,-120.741
dmbc1,4.0,37.507,-122.117
eb52i,4.0,38.4,-74.3
eb53i,4.0,28.9,-88.3
eb61i,4.0,26.9,-84.6
eb62i,4.0,29.0,-85.6
eb70i,4.0,59.5,-142.3
eb90i,4.0,47.0,-130.9
eb91i,4.0,38.4,-74.3
eb92i,4.0,28.5,-90.0
farp2,4.0,8.583,144.583
fbis1,9.8,32.685,-79.888
ffia2,22.0,57.272,-133.63
fila2,15.7,59.332,-151.995
fpsn7,44.2,33.485,-77.59
fwyf1,43.9,25.591,-80.097
gbcl1,43.9,27.8,-93.1
gdil1,15.8,29.267,-89.957
glln6,15.8,43.89,-76.45
ktnf1,10.0,29.819,-83.594
lnel1,10.0,28.2,-89.1
lonf1,7.0,24.844,-80.864
lpoi1,7.0,48.06,-116.5
mlrf1,15.8,25.012,-80.376
mpcl1,15.8,29.4,-88.6
mrka2,15.9,61.082,-146.662
nlec1,15.9,37.696,-122.192
nwpo3,9.4,44.613,-124.067
pila2,6.6,59.742,-149.47
pilm4,15.5,48.223,-88.366
plsf1,17.7,24.693,-82.773
pota2,10.0,61.06,-146.7
ptac1,12.5,38.955,-123.741
ptat2,14.9,27.826,-97.051
