,ascending,ndbc,ndbc_dir,ndbc_height,ndbc_speed,sar_name
0,Descending,46100,334,4.5,5.9,S1B_IW_GRDH_1SDV_20170522T142850_20170522T142915_005712_00A01B_C4AD
1,Descending,51000,73,5.0,7.2,S1B_IW_GRDH_1SDV_20170522T161401_20170522T161430_005713_00A024_4EF8
2,Descending,51003,60,5.0,3.9,S1B_IW_GRDH_1SDV_20170520T163150_20170520T163215_005684_009F4F_7C84
3,Descending,51003,88,5.0,4.2,S1A_IW_GRDH_1SDV_20170526T163232_20170526T163257_016755_01BD5F_595F
4,Descending,51004,44,4.0,5.8,S1B_IW_GRDH_1SDV_20170524T155934_20170524T160002_005742_00A0F0_5BB2
5,Descending,buzm3,226,24.8,9.7,S1B_IW_GRDH_1SDV_20170519T104833_20170519T104859_005666_009ECB_2CE8
6,Descending,desw1,287,31.4,0.1,S1B_IW_GRDH_1SDV_20170522T142850_20170522T142915_005712_00A01B_C4AD
7,Descending,iosn3,241,19.2,7.9,S1B_IW_GRDH_1SDV_20170519T104739_20170519T104808_005666_009ECB_5585
8,Descending,mism1,158,22.9,9.1,S1B_IW_GRDH_1SDV_20170531T104740_20170531T104759_005841_00A3D8_AB50
9,Descending,nwpo3,23,9.4,2.2,S1B_IW_GRDH_1SDV_20170522T142940_20170522T143005_005712_00A01B_E663
10,Descending,nwpo3,351,9.4,8.1,S1A_IW_GRDH_1SDV_20170523T142220_20170523T142245_016710_01BBF3_FC94
11,Descending,ptgc1,1,9.4,11.5,S1A_IW_GRDH_1SDV_20170520T140010_20170520T140035_016666_01BA9A_7C2B
12,Descending,spgf1,179,6.6,4.8,S1A_IW_GRDH_1SDV_20170523T110938_20170523T111007_016708_01BBE5_2CA1
13,Ascending,41001,132,4.0,4.0,S1A_IW_GRDH_1SDV_20170629T224915_20170629T224940_017255_01CCB2_E50C
14,Ascending,41001,201,4.0,5.9,S1A_IW_GRDH_1SDV_20170711T224915_20170711T224940_017430_01D200_26BF
15,Ascending,41001,225,4.0,10.4,S1A_IW_GRDH_1SDV_20170723T224916_20170723T224941_017605_01D74D_1B1F
16,Ascending,41002,181,5.0,4.4,S1A_IW_GRDH_1SDV_20170709T230453_20170709T230518_017401_01D117_1C5B
17,Ascending,41002,193,5.0,3.4,S1A_IW_GRDH_1SDV_20170522T230450_20170522T230515_016701_01BBB0_8C4E
18,Ascending,41002,199,5.0,4.7,S1A_IW_GRDH_1SDV_20170721T230453_20170721T230518_017576_01D66A_9258
19,Ascending,41004,194,4.0,5.8,S1A_IW_GRDH_1SDV_20170702T231315_20170702T231340_017299_01CE10_C1B4
20,Ascending,41004,195,4.0,6.0,S1A_IW_GRDH_1SDV_20170714T231315_20170714T231340_017474_01D358_27B6
21,Ascending,41004,218,4.0,1.5,S1A_IW_GRDH_1SDV_20170620T231314_20170620T231339_017124_01C8C8_8CBB
22,Ascending,41009,121,4.0,5.9,S1A_IW_GRDH_1SDV_20170520T232012_20170520T232037_016672_01BACC_C4C5
23,Ascending,41009,138,4.0,5.3,S1A_IW_GRDH_1SDV_20170707T232015_20170707T232040_017372_01D037_7AB9
24,Ascending,41009,139,4.0,4.2,S1A_IW_GRDH_1SDV_20170719T232015_20170719T232040_017547_01D590_DF13
25,Ascending,mism1,143,22.9,6.3,S1B_IW_GRDH_1SDV_20170527T222612_20170527T222640_005790_00A262_A826
26,Ascending,pilm4,257,15.5,10.3,S1A_IW_GRDH_1SDV_20170530T234219_20170530T234244_016818_01BF4E_BDA5
27,Ascending,ptgc1,359,9.4,13.6,S1B_IW_GRDH_1SDV_20170531T020544_20170531T020609_005836_00A3AE_6E20
28,Ascending,sbio1,300,21.0,9.1,S1B_IW_GRDH_1SDV_20170531T233129_20170531T233158_005849_00A412_B336
29,Ascending,stdm4,276,35.2,5.4,S1B_IW_GRDH_1SDV_20170531T233313_20170531T233338_005849_00A412_6C28
30,Descending,46011,342,5.0,6.3,S1A_IW_GRDH_1SDV_20170520T140010_20170520T140035_016666_01BA9A_7C2B
31,Descending,46022,1,5.0,6.3,S1A_IW_GRDH_1SDV_20170523T142310_20170523T142335_016710_01BBF3_9B3F
32,Descending,46047,300,5.0,6.5,S1A_IW_GRDH_1SDV_20170520T140035_20170520T140100_016666_01BA9A_0D7A
33,Descending,46099,343,4.5,4.2,S1B_IW_GRDH_1SDV_20170522T142850_20170522T142915_005712_00A01B_C4AD
34,Ascending,41009,164,4.0,4.5,S1A_IW_GRDH_1SDV_20170601T232013_20170601T232038_016847_01C02F_EFDC
35,Ascending,41009,186,4.0,7.4,S1A_IW_GRDH_1SDV_20170525T232833_20170525T232858_016745_01BD07_5490
36,Ascending,41010,96,4.0,4.2,S1A_IW_GRDH_1SDV_20170520T232012_20170520T232037_016672_01BACC_C4C5
37,Ascending,41010,105,4.0,3.6,S1A_IW_GRDH_1SDV_20170714T231225_20170714T231250_017474_01D358_C337
38,Ascending,41010,127,4.0,5.0,S1A_IW_GRDH_1SDV_20170719T232015_20170719T232040_017547_01D590_DF13
39,Ascending,41010,134,4.0,6.1,S1A_IW_GRDH_1SDV_20170620T231224_20170620T231249_017124_01C8C8_975E
40,Ascending,41010,155,4.0,4.3,S1A_IW_GRDH_1SDV_20170625T232014_20170625T232039_017197_01CAF4_5C68
41,Ascending,41010,206,4.0,3.0,S1A_IW_GRDH_1SDV_20170707T232015_20170707T232040_017372_01D037_7AB9
42,Ascending,41010,223,4.0,0.9,S1A_IW_GRDH_1SDV_20170702T231225_20170702T231250_017299_01CE10_19A7
43,Ascending,41013,215,4.0,7.0,S1A_IW_GRDH_1SDV_20170714T231315_20170714T231340_017474_01D358_27B6
44,Ascending,41013,217,4.0,5.7,S1A_IW_GRDH_1SDV_20170702T231315_20170702T231340_017299_01CE10_C1B4
45,Ascending,41013,275,4.0,3.3,S1A_IW_GRDH_1SDV_20170620T231314_20170620T231339_017124_01C8C8_8CBB
46,Ascending,41025,205,5.0,7.9,S1A_IW_GRDH_1SDV_20170522T230540_20170522T230605_016701_01BBB0_F52D
47,Ascending,41025,228,5.0,8.5,S1A_IW_GRDH_1SDV_20170517T225734_20170517T225803_016628_01B96F_0ACB
48,Ascending,41037,162,2.95,4.7,S1A_IW_GRDH_1SDV_20170709T230518_20170709T230543_017401_01D117_3E98
49,Ascending,41037,174,2.95,3.0,S1A_IW_GRDH_1SDV_20170627T230517_20170627T230542_017226_01CBD2_7AE0
50,Ascending,41037,196,2.95,6.7,S1A_IW_GRDH_1SDV_20170522T230515_20170522T230540_016701_01BBB0_D697
51,Ascending,41037,208,2.95,6.9,S1A_IW_GRDH_1SDV_20170721T230518_20170721T230543_017576_01D66A_0AA2
52,Ascending,41038,199,2.95,3.0,S1A_IW_GRDH_1SDV_20170627T230517_20170627T230542_017226_01CBD2_7AE0
53,Ascending,41038,203,2.95,4.2,S1A_IW_GRDH_1SDV_20170522T230515_20170522T230540_016701_01BBB0_D697
54,Ascending,41038,212,2.95,4.6,S1A_IW_GRDH_1SDV_20170721T230518_20170721T230543_017576_01D66A_0AA2
55,Ascending,41043,84,4.0,5.8,S1A_IW_GRDH_1SDV_20170713T222858_20170713T222923_017459_01D2E5_CFEC
56,Ascending,41043,98,4.0,9.1,S1A_IW_GRDH_1SDV_20170619T222856_20170619T222921_017109_01C856_7E63
57,Ascending,41043,125,4.0,4.3,S1A_IW_GRDH_1SDV_20170526T222855_20170526T222920_016759_01BD7F_85C4
58,Ascending,41064,205,2.95,4.6,S1A_IW_GRDH_1SDV_20170709T230518_20170709T230543_017401_01D117_3E98
59,Ascending,41064,212,2.95,2.3,S1A_IW_GRDH_1SDV_20170627T230517_20170627T230542_017226_01CBD2_7AE0
60,Ascending,41064,226,2.95,6.9,S1A_IW_GRDH_1SDV_20170522T230515_20170522T230540_016701_01BBB0_D697
61,Ascending,41064,228,2.95,7.6,S1A_IW_GRDH_1SDV_20170721T230518_20170721T230543_017576_01D66A_0AA2
62,Ascending,42012,204,5.0,5.7,S1A_IW_GRDH_1SDV_20170528T235326_20170528T235351_016789_01BE6C_3F57
63,Ascending,42013,334,3.1,3.7,S1A_IW_GRDH_1SDV_20170530T233629_20170530T233654_016818_01BF4E_B213
64,Ascending,42020,24,5.0,2.0,S1A_IW_GRDH_1SDV_20170530T003353_20170530T003418_016804_01BEDA_7F64
65,Ascending,42020,133,5.0,7.9,S1A_IW_GRDH_1SDV_20170518T003352_20170518T003417_016629_01B977_711A
66,Ascending,42022,2,3.1,3.6,S1A_IW_GRDH_1SDV_20170518T233628_20170518T233653_016643_01B9E6_6713
67,Ascending,42022,15,3.1,2.7,S1A_IW_GRDH_1SDV_20170530T233629_20170530T233654_016818_01BF4E_B213
68,Ascending,42036,8,5.0,4.9,S1A_IW_GRDH_1SDV_20170518T233653_20170518T233718_016643_01B9E6_92D4
69,Ascending,42040,181,4.0,7.5,S1A_IW_GRDH_1SDV_20170528T235326_20170528T235351_016789_01BE6C_3F57
70,Ascending,42044,124,3.4,6.2,S1A_IW_GRDH_1SDV_20170518T003352_20170518T003417_016629_01B977_711A
71,Ascending,44007,344,5.0,4.7,S1A_IW_GRDH_1SDV_20170526T223501_20170526T223526_016759_01BD80_0095
72,Ascending,44013,20,5.0,8.0,S1A_IW_GRDH_1SDV_20170713T223435_20170713T223504_017459_01D2E6_A83B
73,Ascending,44013,63,5.0,1.5,S1A_IW_GRDH_1SDV_20170526T223432_20170526T223501_016759_01BD80_8CF2
74,Ascending,44013,151,5.0,6.3,S1A_IW_GRDH_1SDV_20170701T223434_20170701T223503_017284_01CD9C_8D22
75,Ascending,44013,184,5.0,10.4,S1A_IW_GRDH_1SDV_20170619T223433_20170619T223502_017109_01C857_EA93
76,Ascending,44014,197,5.0,5.7,S1A_IW_GRDH_1SDV_20170517T225734_20170517T225803_016628_01B96F_0ACB
77,Ascending,44025,197,5.0,10.8,S1A_IW_GRDH_1SDV_20170629T225030_20170629T225055_017255_01CCB2_7C93
78,Ascending,44041,32,3.0,1.9,S1A_IW_GRDH_1SDV_20170522T230605_20170522T230630_016701_01BBB0_8D17
79,Ascending,44058,147,3.0,3.9,S1A_IW_GRDH_1SDV_20170529T225803_20170529T225828_016803_01BED2_4D37
80,Ascending,44058,188,3.0,4.9,S1A_IW_GRDH_1SDV_20170517T225803_20170517T225828_016628_01B96F_03F1
81,Ascending,44065,96,5.0,7.4,S1A_IW_GRDH_1SDV_20170723T225031_20170723T225056_017605_01D74D_AA68
82,Ascending,44065,198,5.0,12.4,S1A_IW_GRDH_1SDV_20170629T225030_20170629T225055_017255_01CCB2_7C93
83,Ascending,44065,209,5.0,4.7,S1A_IW_GRDH_1SDV_20170711T225030_20170711T225055_017430_01D200_45C1
84,Ascending,44066,90,5.0,6.6,S1A_IW_GRDH_1SDV_20170723T225031_20170723T225056_017605_01D74D_AA68
85,Ascending,44066,192,5.0,8.4,S1A_IW_GRDH_1SDV_20170629T225030_20170629T225055_017255_01CCB2_7C93
86,Ascending,44066,198,5.0,3.8,S1A_IW_GRDH_1SDV_20170718T224221_20170718T224246_017532_01D51F_B909
87,Ascending,44066,209,5.0,5.6,S1A_IW_GRDH_1SDV_20170711T225030_20170711T225055_017430_01D200_45C1
88,Ascending,44066,234,5.0,5.1,S1A_IW_GRDH_1SDV_20170624T224220_20170624T224245_017182_01CA82_856D
89,Ascending,44066,235,5.0,3.0,S1A_IW_GRDH_1SDV_20170531T224218_20170531T224243_016832_01BFC0_971B
90,Ascending,44072,121,3.0,6.6,S1A_IW_GRDH_1SDV_20170529T225803_20170529T225828_016803_01BED2_4D37
91,Ascending,44072,240,3.0,4.5,S1A_IW_GRDH_1SDV_20170517T225803_20170517T225828_016628_01B96F_03F1
92,Ascending,44072,355,3.0,5.6,S1A_IW_GRDH_1SDV_20170522T230605_20170522T230630_016701_01BBB0_8D17
93,Ascending,45002,17,5.0,4.9,S1B_IW_GRDH_1SDV_20170519T233222_20170519T233247_005674_009F04_8CE2
94,Ascending,45003,82,5.0,7.1,S1A_IW_GRDH_1SDV_20170520T232447_20170520T232511_016672_01BACC_C382
95,Ascending,45003,274,5.0,2.9,S1B_IW_GRDH_1SDV_20170526T232419_20170526T232448_005776_00A200_5BA7
96,Ascending,45004,289,5.0,5.9,S1B_IW_GRDH_1SDV_20170531T233313_20170531T233338_005849_00A412_6C28
97,Ascending,45004,354,5.0,3.1,S1B_IW_GRDH_1SDV_20170519T233312_20170519T233337_005674_009F04_624C
98,Ascending,45005,78,4.0,10.7,S1A_IW_GRDH_1SDV_20170520T232357_20170520T232422_016672_01BACC_9798
99,Ascending,45006,22,5.0,12.1,S1B_IW_GRDH_1SDV_20170517T234925_20170517T234950_005645_009E30_679B
100,Ascending,45012,80,5.0,2.2,S1B_IW_GRDH_1SDV_20170523T225850_20170523T225919_005732_00A0AE_2142
101,Ascending,45012,171,5.0,4.9,S1A_IW_GRDH_1SDV_20170529T225943_20170529T230008_016803_01BED2_8BF8
102,Ascending,45012,233,5.0,4.1,S1A_IW_GRDH_1SDV_20170517T225943_20170517T230008_016628_01B96F_3FB2
103,Ascending,45012,254,5.0,5.7,S1A_IW_GRDH_1SDV_20170522T230810_20170522T230834_016701_01BBB0_7DE0
104,Ascending,45022,237,2.95,0.0,S1B_IW_GRDH_1SDV_20170531T233223_20170531T233248_005849_00A412_807B
105,Ascending,45022,333,2.95,2.2,S1B_IW_GRDH_1SDV_20170519T233222_20170519T233247_005674_009F04_8CE2
106,Ascending,41002,222,5.0,3.0,S1A_IW_GRDH_1SDV_20170627T230452_20170627T230517_017226_01CBD2_C568
107,Ascending,41009,149,4.0,6.4,S1A_IW_GRDH_1SDV_20170625T232014_20170625T232039_017197_01CAF4_5C68
108,Ascending,41010,146,4.0,1.2,S1A_IW_GRDH_1SDV_20170601T232013_20170601T232038_016847_01C02F_EFDC
109,Ascending,41025,203,5.0,4.8,S1A_IW_GRDH_1SDV_20170529T225734_20170529T225803_016803_01BED2_05BA
110,Ascending,41038,189,2.95,3.6,S1A_IW_GRDH_1SDV_20170709T230518_20170709T230543_017401_01D117_3E98
111,Ascending,41063,211,3.5,7.3,S1A_IW_GRDH_1SDV_20170522T230540_20170522T230605_016701_01BBB0_F52D
112,Ascending,45023,254,3.0,7.0,S1B_IW_GRDH_1SDV_20170529T234926_20170529T234951_005820_00A33D_CB27
113,Ascending,45162,64,2.3,2.2,S1B_IW_GRDH_1SDV_20170526T232419_20170526T232448_005776_00A200_5BA7
114,Ascending,45162,78,2.3,7.9,S1A_IW_GRDH_1SDV_20170520T232447_20170520T232511_016672_01BACC_C382
115,Ascending,45163,67,2.3,9.3,S1A_IW_GRDH_1SDV_20170520T232447_20170520T232511_016672_01BACC_C382
116,Ascending,45165,36,2.0,8.7,S1B_IW_GRDH_1SDV_20170519T233128_20170519T233157_005674_009F04_896A
117,Ascending,45165,88,2.0,10.8,S1A_IW_GRDH_1SDV_20170520T232357_20170520T232422_016672_01BACC_9798
118,Ascending,45169,81,2.75,9.7,S1A_IW_GRDH_1SDV_20170520T232357_20170520T232422_016672_01BACC_9798
119,Ascending,45175,314,2.95,5.3,S1B_IW_GRDH_1SDV_20170531T233248_20170531T233313_005849_00A412_7D34
120,Ascending,45176,69,3.0,5.2,S1A_IW_GRDH_1SDV_20170520T232357_20170520T232422_016672_01BACC_9798
121,Ascending,46011,214,5.0,3.7,S1B_IW_GRDH_1SDV_20170526T015734_20170526T015759_005763_00A197_7A11
122,Ascending,46011,318,5.0,9.2,S1B_IW_GRDH_1SDV_20170519T020543_20170519T020608_005661_009EA1_F4DF
123,Ascending,46012,310,5.0,7.7,S1B_IW_GRDH_1SDV_20170519T020633_20170519T020658_005661_009EA1_0EC4
124,Ascending,46013,308,4.0,12.5,S1B_IW_GRDH_1SDV_20170519T020658_20170519T020723_005661_009EA1_DF1F
125,Ascending,46014,349,4.0,7.0,S1B_IW_GRDH_1SDV_20170519T020658_20170519T020723_005661_009EA1_DF1F
126,Ascending,46014,350,4.0,1.3,S1B_IW_GRDH_1SDV_20170524T021515_20170524T021540_005734_00A0BC_4155
127,Ascending,46015,8,4.0,12.4,S1B_IW_GRDH_1SDV_20170524T021630_20170524T021655_005734_00A0BC_0BC1
128,Ascending,46015,344,4.0,5.2,S1B_IW_GRDH_1SDV_20170519T020813_20170519T020838_005661_009EA1_CCAD
129,Ascending,46022,349,5.0,4.2,S1B_IW_GRDH_1SDV_20170519T020723_20170519T020748_005661_009EA1_E782
130,Ascending,46026,307,5.0,8.8,S1B_IW_GRDH_1SDV_20170519T020633_20170519T020658_005661_009EA1_0EC4
131,Ascending,46027,315,5.0,6.6,S1B_IW_GRDH_1SDV_20170519T020748_20170519T020813_005661_009EA1_6F69
132,Ascending,46027,344,5.0,12.8,S1B_IW_GRDH_1SDV_20170524T021605_20170524T021630_005734_00A0BC_8F5B
133,Ascending,46028,309,5.0,11.5,S1B_IW_GRDH_1SDV_20170519T020608_20170519T020633_005661_009EA1_CC52
134,Ascending,46029,360,5.0,0.8,S1B_IW_GRDH_1SDV_20170519T020903_20170519T020928_005661_009EA1_21AD
135,Ascending,46041,223,5.0,0.7,S1B_IW_GRDH_1SDV_20170519T020928_20170519T020953_005661_009EA1_842B
136,Ascending,46050,357,4.0,2.5,S1B_IW_GRDH_1SDV_20170519T020838_20170519T020903_005661_009EA1_BBF6
137,Ascending,46050,360,4.0,9.2,S1B_IW_GRDH_1SDV_20170524T021655_20170524T021720_005734_00A0BC_25B3
138,Ascending,46053,218,4.0,3.4,S1B_IW_GRDH_1SDV_20170526T015734_20170526T015759_005763_00A197_7A11
139,Ascending,46054,200,4.0,1.7,S1B_IW_GRDH_1SDV_20170526T015734_20170526T015759_005763_00A197_7A11
140,Ascending,46061,108,5.0,3.6,S1B_IW_GRDH_1SDV_20170523T031848_20170523T031917_005720_00A055_CF85
141,Ascending,46061,355,5.0,5.1,S1B_IW_GRDH_1SDV_20170521T033513_20170521T033542_005691_009F84_A68C
142,Ascending,46069,297,5.0,7.2,S1B_IW_GRDH_1SDV_20170519T020543_20170519T020608_005661_009EA1_F4DF
143,Ascending,46076,14,5.0,8.8,S1B_IW_GRDH_1SDV_20170521T033513_20170521T033542_005691_009F84_A68C
144,Ascending,46081,259,5.0,5.3,S1B_IW_GRDH_1SDV_20170521T033513_20170521T033542_005691_009F84_A68C
145,Ascending,46086,248,5.0,1.7,S1B_IW_GRDH_1SDV_20170526T015705_20170526T015734_005763_00A197_F34D
146,Ascending,46086,284,5.0,8.4,S1B_IW_GRDH_1SDV_20170521T014854_20170521T014919_005690_009F7F_0EA7
147,Ascending,46087,325,5.0,2.3,S1B_IW_GRDH_1SDV_20170519T020928_20170519T020953_005661_009EA1_842B
148,Ascending,46088,328,5.0,0.8,S1B_IW_GRDH_1SDV_20170519T020928_20170519T020953_005661_009EA1_842B
149,Ascending,46092,290,4.0,9.3,S1B_IW_GRDH_1SDV_20170519T020633_20170519T020658_005661_009EA1_0EC4
150,Ascending,46097,281,4.5,2.1,S1B_IW_GRDH_1SDV_20170531T020839_20170531T020904_005836_00A3AE_F54B
151,Ascending,46097,357,4.5,2.8,S1B_IW_GRDH_1SDV_20170519T020838_20170519T020903_005661_009EA1_BBF6
152,Ascending,46100,149,4.5,3.0,S1B_IW_GRDH_1SDV_20170531T020904_20170531T020929_005836_00A3AE_D4BD
153,Ascending,46100,175,4.5,1.5,S1B_IW_GRDH_1SDV_20170519T020903_20170519T020928_005661_009EA1_21AD
154,Ascending,42044,92,3.4,0.6,S1A_IW_GRDH_1SDV_20170530T003353_20170530T003418_016804_01BEDA_7F64
155,Ascending,44014,75,5.0,5.8,S1A_IW_GRDH_1SDV_20170529T225734_20170529T225803_016803_01BED2_05BA
156,Ascending,44065,96,5.0,7.4,S1A_IW_GRDH_1SDV_20170723T225031_20170723T225056_017605_01D74D_AA68.zip
157,Ascending,44066,213,5.0,6.4,S1A_IW_GRDH_1SDV_20170519T224217_20170519T224242_016657_01BA57_D70F
158,Ascending,45002,70,5.0,4.5,S1B_IW_GRDH_1SDV_20170531T233223_20170531T233248_005849_00A412_807B
159,Ascending,45006,248,5.0,7.7,S1B_IW_GRDH_1SDV_20170529T234926_20170529T234951_005820_00A33D_CB27
160,Ascending,42013,348,3.1,5.5,S1A_IW_GRDH_1SDV_20170518T233628_20170518T233653_016643_01B9E6_6713
161,Ascending,45023,236,3.0,9.4,S1A_IW_GRDH_1SDV_20170530T234154_20170530T234219_016818_01BF4E_CF9C
162,Ascending,46100,329,4.5,10.5,S1B_IW_GRDH_1SDV_20170524T021720_20170524T021742_005734_00A0BC_DF4F
163,Ascending,fwyf1,242,43.9,7.5,S1A_IW_GRDH_1SDV_20170525T232743_20170525T232808_016745_01BD07_0389
164,Ascending,51000,50,5.0,5.3,S1A_IW_GRDH_1SDV_20170526T042323_20170526T042348_016748_01BD1F_C261
165,Ascending,51000,108,5.0,5.6,S1B_IW_GRDH_1SDV_20170520T042241_20170520T042306_005677_009F19_E059
166,Ascending,51001,28,4.0,11.6,S1A_IW_GRDH_1SDV_20170522T045641_20170522T045706_016690_01BB57_CEEE
167,Ascending,51001,36,4.0,6.9,S1B_IW_GRDH_1SDV_20170528T045559_20170528T045625_005794_00A280_F07C
168,Ascending,51002,69,4.0,7.4,S1B_IW_GRDH_1SDV_20170530T043719_20170530T043748_005823_00A34F_71EB
169,Ascending,51002,70,4.0,8.4,S1A_IW_GRDH_1SDV_20170524T043801_20170524T043830_016719_01BC36_D799
170,Ascending,51003,33,5.0,8.7,S1B_IW_GRDH_1SDV_20170523T044558_20170523T044627_005721_00A05D_F959
171,Ascending,51003,51,5.0,6.1,S1A_IW_GRDH_1SDV_20170522T045457_20170522T045526_016690_01BB57_36B9
172,Ascending,51003,63,5.0,4.7,S1A_IW_GRDH_1SDV_20170529T044640_20170529T044709_016792_01BE81_2926
173,Ascending,51003,92,5.0,3.0,S1B_IW_GRDH_1SDV_20170528T045415_20170528T045444_005794_00A280_FB83
174,Ascending,51004,41,4.0,9.3,S1A_IW_GRDH_1SDV_20170526T042139_20170526T042208_016748_01BD1F_E52F
175,Ascending,51004,59,4.0,7.6,S1B_IW_GRDH_1SDV_20170520T042057_20170520T042126_005677_009F19_5021
176,Ascending,51101,35,5.0,6.4,S1B_IW_GRDH_1SDV_20170528T045534_20170528T045559_005794_00A280_C65C
177,Ascending,amaa2,89,15.7,8.6,S1B_IW_GRDH_1SDV_20170519T035119_20170519T035144_005662_009EA7_1B8F
178,Ascending,amaa2,324,15.7,1.8,S1B_IW_GRDH_1SDV_20170531T035120_20170531T035145_005837_00A3B4_4F2D
179,Ascending,auga2,124,6.6,5.1,S1B_IW_GRDH_1SDV_20170519T035119_20170519T035144_005662_009EA7_1B8F
180,Ascending,auga2,354,6.6,1.3,S1B_IW_GRDH_1SDV_20170531T035120_20170531T035145_005837_00A3B4_4F2D
181,Ascending,blia2,302,21.6,2.8,S1B_IW_GRDH_1SDV_20170523T031848_20170523T031917_005720_00A055_CF85
182,Ascending,buzm3,124,24.8,5.1,S1A_IW_GRDH_1SDV_20170531T224243_20170531T224308_016832_01BFC0_2B8B
183,Ascending,buzm3,193,24.8,9.7,S1A_IW_GRDH_1SDV_20170701T223434_20170701T223503_017284_01CD9C_8D22
184,Ascending,buzm3,203,24.8,10.4,S1A_IW_GRDH_1SDV_20170619T223433_20170619T223502_017109_01C857_EA93
185,Ascending,buzm3,234,24.8,11.6,S1A_IW_GRDH_1SDV_20170519T224242_20170519T224307_016657_01BA57_D7E2
186,Ascending,buzm3,250,24.8,4.7,S1A_IW_GRDH_1SDV_20170526T223432_20170526T223501_016759_01BD80_8CF2
187,Ascending,cdrf1,287,10.0,3.3,S1A_IW_GRDH_1SDV_20170530T233654_20170530T233719_016818_01BF4E_B181
188,Ascending,clkn7,213,9.8,4.8,S1A_IW_GRDH_1SDV_20170522T230540_20170522T230605_016701_01BBB0_F52D
189,Ascending,dbln6,235,20.4,6.3,S1A_IW_GRDH_1SDV_20170522T230745_20170522T230810_016701_01BBB0_670A
190,Ascending,desw1,0,31.4,0.0,S1B_IW_GRDH_1SDV_20170519T020928_20170519T020953_005661_009EA1_842B
191,Ascending,desw1,135,31.4,0.1,S1B_IW_GRDH_1SDV_20170531T020929_20170531T020954_005836_00A3AE_A081
192,Ascending,disw3,45,25.3,14.4,S1B_IW_GRDH_1SDV_20170517T234925_20170517T234950_005645_009E30_679B
193,Ascending,disw3,232,25.3,9.0,S1B_IW_GRDH_1SDV_20170529T234926_20170529T234951_005820_00A33D_CB27
194,Ascending,drfa2,46,6.6,7.6,S1B_IW_GRDH_1SDV_20170519T035144_20170519T035209_005662_009EA7_BEFD
195,Ascending,drfa2,212,6.6,1.1,S1B_IW_GRDH_1SDV_20170531T035145_20170531T035210_005837_00A3B4_37E4
196,Ascending,ffia2,0,22.0,0.0,S1B_IW_GRDH_1SDV_20170517T022823_20170517T022851_005632_009DD4_6A67
197,Ascending,ffia2,22,22.0,1.5,S1A_IW_GRDH_1SDV_20170528T023742_20170528T023807_016776_01BE04_3125
198,Ascending,fila2,80,15.7,4.5,S1B_IW_GRDH_1SDV_20170519T035119_20170519T035144_005662_009EA7_1B8F
199,Ascending,fila2,336,15.7,0.9,S1B_IW_GRDH_1SDV_20170531T035120_20170531T035145_005837_00A3B4_4F2D
200,Ascending,iosn3,5,19.2,4.0,S1A_IW_GRDH_1SDV_20170526T223501_20170526T223526_016759_01BD80_0095
201,Ascending,iosn3,146,19.2,6.5,S1A_IW_GRDH_1SDV_20170531T224308_20170531T224333_016832_01BFC0_DEAB
202,Ascending,iosn3,319,19.2,13.4,S1A_IW_GRDH_1SDV_20170519T224307_20170519T224332_016657_01BA57_4FF9
203,Ascending,ktnf1,272,10.0,3.2,S1A_IW_GRDH_1SDV_20170530T233654_20170530T233719_016818_01BF4E_B181
204,Ascending,ktnf1,300,10.0,3.0,S1A_IW_GRDH_1SDV_20170518T233653_20170518T233718_016643_01B9E6_92D4
205,Ascending,lonf1,251,7.0,4.6,S1A_IW_GRDH_1SDV_20170525T232718_20170525T232743_016745_01BD07_5279
206,Ascending,45165,261,2.0,8.7,S1B_IW_GRDH_1SDV_20170531T233129_20170531T233158_005849_00A412_B336
207,Ascending,46013,256,4.0,1.8,S1B_IW_GRDH_1SDV_20170524T021450_20170524T021515_005734_00A0BC_1D11
208,Ascending,46022,350,5.0,6.1,S1B_IW_GRDH_1SDV_20170524T021540_20170524T021605_005734_00A0BC_83DF
209,Ascending,46047,251,5.0,3.3,S1B_IW_GRDH_1SDV_20170526T015705_20170526T015734_005763_00A197_F34D
210,Ascending,46069,188,5.0,1.1,S1B_IW_GRDH_1SDV_20170526T015734_20170526T015759_005763_00A197_7A11
211,Ascending,46088,258,5.0,6.0,S1B_IW_GRDH_1SDV_20170526T020119_20170526T020144_005763_00A197_E54E
212,Ascending,mism1,347,22.9,5.4,S1A_IW_GRDH_1SDV_20170526T223501_20170526T223526_016759_01BD80_0095
213,Ascending,mlrf1,227,15.8,3.4,S1A_IW_GRDH_1SDV_20170525T232743_20170525T232808_016745_01BD07_0389
214,Ascending,mrka2,210,15.9,2.6,S1B_IW_GRDH_1SDV_20170523T031848_20170523T031917_005720_00A055_CF85
215,Ascending,nwpo3,311,9.4,4.0,S1B_IW_GRDH_1SDV_20170531T020839_20170531T020904_005836_00A3AE_F54B
216,Ascending,nwpo3,343,9.4,3.8,S1B_IW_GRDH_1SDV_20170519T020838_20170519T020903_005661_009EA1_BBF6
217,Ascending,pila2,189,6.6,1.1,S1B_IW_GRDH_1SDV_20170521T033513_20170521T033542_005691_009F84_A68C
218,Ascending,plsf1,97,17.7,9.3,S1A_IW_GRDH_1SDV_20170518T233538_20170518T233603_016643_01B9E6_D58F
219,Ascending,plsf1,107,17.7,5.9,S1A_IW_GRDH_1SDV_20170530T233539_20170530T233604_016818_01BF4E_C6B6
220,Ascending,ptat2,56,14.9,4.3,S1A_IW_GRDH_1SDV_20170530T003418_20170530T003443_016804_01BEDA_B961
221,Ascending,ptat2,123,14.9,9.3,S1A_IW_GRDH_1SDV_20170518T003417_20170518T003442_016629_01B977_CE96
222,Ascending,ptgc1,3,9.4,8.6,S1B_IW_GRDH_1SDV_20170519T020543_20170519T020608_005661_009EA1_F4DF
223,Ascending,ptgc1,176,9.4,3.9,S1B_IW_GRDH_1SDV_20170526T015734_20170526T015759_005763_00A197_7A11
224,Ascending,roam4,37,46.9,14.4,S1B_IW_GRDH_1SDV_20170517T234925_20170517T234950_005645_009E30_679B
225,Ascending,roam4,254,46.9,9.4,S1B_IW_GRDH_1SDV_20170529T234926_20170529T234951_005820_00A33D_CB27
226,Ascending,roam4,268,46.9,11.1,S1A_IW_GRDH_1SDV_20170530T234219_20170530T234244_016818_01BF4E_BDA5
227,Ascending,sauf1,235,7.6,4.4,S1A_IW_GRDH_1SDV_20170525T232858_20170525T232923_016745_01BD07_0AC3
228,Ascending,sbio1,27,21.0,3.1,S1B_IW_GRDH_1SDV_20170519T233128_20170519T233157_005674_009F04_896A
229,Ascending,sbio1,84,21.0,8.3,S1A_IW_GRDH_1SDV_20170520T232357_20170520T232422_016672_01BACC_9798
230,Ascending,sgof1,146,35.1,0.1,S1A_IW_GRDH_1SDV_20170518T233653_20170518T233718_016643_01B9E6_92D4
231,Ascending,sgof1,215,35.1,1.7,S1A_IW_GRDH_1SDV_20170530T233654_20170530T233719_016818_01BF4E_B181
232,Ascending,sisw1,227,17.1,5.7,S1B_IW_GRDH_1SDV_20170526T020119_20170526T020144_005763_00A197_E54E
233,Ascending,spgf1,110,6.6,4.9,S1A_IW_GRDH_1SDV_20170520T231947_20170520T232012_016672_01BACC_B164
234,Ascending,srst2,129,9.1,7.8,S1A_IW_GRDH_1SDV_20170520T001818_20170520T001843_016658_01BA5D_566B
235,Ascending,stdm4,244,35.2,9.5,S1A_IW_GRDH_1SDV_20170530T234154_20170530T234219_016818_01BF4E_CF9C
236,Ascending,stdm4,349,35.2,5.0,S1B_IW_GRDH_1SDV_20170519T233312_20170519T233337_005674_009F04_624C
237,Ascending,venf1,308,11.6,4.4,S1A_IW_GRDH_1SDV_20170530T233629_20170530T233654_016818_01BF4E_B213
238,Ascending,venf1,318,11.6,4.3,S1A_IW_GRDH_1SDV_20170518T233628_20170518T233653_016643_01B9E6_6713
239,Ascending,wpow1,28,9.8,3.8,S1B_IW_GRDH_1SDV_20170526T020119_20170526T020144_005763_00A197_E54E
240,Descending,44007,223,5.0,6.4,S1B_IW_GRDH_1SDV_20170519T104739_20170519T104808_005666_009ECB_5585
241,Descending,44013,225,5.0,5.5,S1B_IW_GRDH_1SDV_20170519T104808_20170519T104833_005666_009ECB_B6C5
242,Descending,46012,318,5.0,6.6,S1A_IW_GRDH_1SDV_20170518T141604_20170518T141629_016637_01B9B7_C40C
243,Descending,46013,323,4.0,7.6,S1A_IW_GRDH_1SDV_20170518T141539_20170518T141604_016637_01B9B7_3824
244,Descending,46014,158,4.0,6.6,S1A_IW_GRDH_1SDV_20170523T142335_20170523T142400_016710_01BBF3_CF1A
245,Descending,46014,338,4.0,10.1,S1A_IW_GRDH_1SDV_20170518T141514_20170518T141539_016637_01B9B7_F4A7
246,Descending,46015,5,4.0,10.4,S1B_IW_GRDH_1SDV_20170522T143005_20170522T143021_005712_00A01B_E51A
247,Descending,46015,5,4.0,11.5,S1A_IW_GRDH_1SDV_20170523T142245_20170523T142310_016710_01BBF3_3F8D
248,Ascending,51002,76,4.0,9.0,S1B_IW_GRDH_1SDV_20170518T043719_20170518T043748_005648_009E41_D46F
249,Ascending,51101,31,5.0,11.8,S1A_IW_GRDH_1SDV_20170522T045616_20170522T045641_016690_01BB57_6395
250,Ascending,buzm3,8,24.8,10.1,S1A_IW_GRDH_1SDV_20170713T223435_20170713T223504_017459_01D2E6_A83B
251,Ascending,cdrf1,338,10.0,2.6,S1A_IW_GRDH_1SDV_20170518T233653_20170518T233718_016643_01B9E6_92D4
252,Ascending,dpia1,179,13.5,3.6,S1A_IW_GRDH_1SDV_20170528T235351_20170528T235416_016789_01BE6C_E9F7
253,Descending,46025,202,4.0,1.3,S1A_IW_GRDH_1SDV_20170520T140035_20170520T140100_016666_01BA9A_0D7A
254,Descending,46026,330,5.0,4.2,S1A_IW_GRDH_1SDV_20170518T141539_20170518T141604_016637_01B9B7_3824
255,Descending,46027,344,5.0,5.4,S1A_IW_GRDH_1SDV_20170523T142245_20170523T142310_016710_01BBF3_3F8D
256,Descending,46029,346,5.0,8.5,S1B_IW_GRDH_1SDV_20170522T142915_20170522T142940_005712_00A01B_6A5E
257,Descending,46029,347,5.0,9.6,S1A_IW_GRDH_1SDV_20170523T142151_20170523T142220_016710_01BBF3_829A
258,Descending,46041,309,5.0,5.4,S1B_IW_GRDH_1SDV_20170522T142850_20170522T142915_005712_00A01B_C4AD
259,Descending,46050,18,4.0,5.8,S1B_IW_GRDH_1SDV_20170522T142940_20170522T143005_005712_00A01B_E663
260,Descending,46050,360,4.0,9.1,S1A_IW_GRDH_1SDV_20170523T142220_20170523T142245_016710_01BBF3_FC94
261,Descending,46053,222,4.0,3.6,S1A_IW_GRDH_1SDV_20170520T140010_20170520T140035_016666_01BA9A_7C2B
262,Descending,46069,299,5.0,8.2,S1A_IW_GRDH_1SDV_20170520T140035_20170520T140100_016666_01BA9A_0D7A
263,Descending,46097,348,4.5,8.5,S1A_IW_GRDH_1SDV_20170523T142220_20170523T142245_016710_01BBF3_FC94
264,Descending,46097,353,4.5,5.4,S1B_IW_GRDH_1SDV_20170522T142940_20170522T143005_005712_00A01B_E663
